[
  {
    "ssn": 787392090,
    "latitude": 42.70006,
    "longitude": 17.84854
  },
  {
    "ssn": 132414399,
    "latitude": 44.21105,
    "longitude": 17.15094
  },
  {
    "ssn": 705486591,
    "latitude": 42.20775,
    "longitude": 17.49212
  },
  {
    "ssn": 608981613,
    "latitude": 42.57794,
    "longitude": 16.68846
  },
  {
    "ssn": 169959598,
    "latitude": 39.68678,
    "longitude": 17.7971
  },
  {
    "ssn": 242592405,
    "latitude": 41.37981,
    "longitude": 16.25731
  },
  {
    "ssn": 960333384,
    "latitude": 41.9909,
    "longitude": 17.66234
  },
  {
    "ssn": 736555113,
    "latitude": 40.862,
    "longitude": 15.69264
  },
  {
    "ssn": 386089385,
    "latitude": 40.31912,
    "longitude": 17.3139
  },
  {
    "ssn": 394887010,
    "latitude": 38.99054,
    "longitude": 16.64608
  },
  {
    "ssn": 999233174,
    "latitude": 44.2743,
    "longitude": 17.59414
  },
  {
    "ssn": 481877010,
    "latitude": 40.88908,
    "longitude": 16.42423
  },
  {
    "ssn": 726500768,
    "latitude": 45.75129,
    "longitude": 16.64965
  },
  {
    "ssn": 972216029,
    "latitude": 42.3516,
    "longitude": 15.88139
  },
  {
    "ssn": 120547805,
    "latitude": 42.00941,
    "longitude": 17.63773
  },
  {
    "ssn": 552638413,
    "latitude": 37.98845,
    "longitude": 15.81715
  },
  {
    "ssn": 364978902,
    "latitude": 45.55531,
    "longitude": 17.47332
  },
  {
    "ssn": 233111926,
    "latitude": 37.67008,
    "longitude": 16.28007
  },
  {
    "ssn": 953070919,
    "latitude": 46.15529,
    "longitude": 17.93135
  },
  {
    "ssn": 680187531,
    "latitude": 40.82043,
    "longitude": 16.04949
  },
  {
    "ssn": 604243131,
    "latitude": 40.42009,
    "longitude": 17.17615
  },
  {
    "ssn": 403290377,
    "latitude": 43.95709,
    "longitude": 16.59637
  },
  {
    "ssn": 544527604,
    "latitude": 43.84263,
    "longitude": 15.67422
  },
  {
    "ssn": 801658267,
    "latitude": 41.13128,
    "longitude": 17.50843
  },
  {
    "ssn": 771636447,
    "latitude": 46.46369,
    "longitude": 17.34146
  },
  {
    "ssn": 625298784,
    "latitude": 45.31821,
    "longitude": 16.36413
  },
  {
    "ssn": 870234616,
    "latitude": 42.4965,
    "longitude": 17.31967
  },
  {
    "ssn": 637031983,
    "latitude": 41.22863,
    "longitude": 17.66426
  },
  {
    "ssn": 974506314,
    "latitude": 43.82956,
    "longitude": 15.83509
  },
  {
    "ssn": 132429890,
    "latitude": 46.79044,
    "longitude": 17.87831
  },
  {
    "ssn": 725767097,
    "latitude": 41.91723,
    "longitude": 16.12456
  },
  {
    "ssn": 402330902,
    "latitude": 39.19578,
    "longitude": 15.84622
  },
  {
    "ssn": 334416733,
    "latitude": 38.58043,
    "longitude": 17.50812
  },
  {
    "ssn": 595876357,
    "latitude": 42.9715,
    "longitude": 17.38867
  },
  {
    "ssn": 663327544,
    "latitude": 41.32167,
    "longitude": 17.36986
  },
  {
    "ssn": 472134610,
    "latitude": 44.29741,
    "longitude": 17.35832
  },
  {
    "ssn": 824121722,
    "latitude": 44.12948,
    "longitude": 15.66268
  },
  {
    "ssn": 638376433,
    "latitude": 44.25838,
    "longitude": 16.14969
  },
  {
    "ssn": 854883616,
    "latitude": 41.88589,
    "longitude": 17.81292
  },
  {
    "ssn": 494258295,
    "latitude": 43.71002,
    "longitude": 16.28222
  },
  {
    "ssn": 550472090,
    "latitude": 46.65386,
    "longitude": 16.67369
  },
  {
    "ssn": 191881980,
    "latitude": 39.42955,
    "longitude": 16.04661
  },
  {
    "ssn": 802886816,
    "latitude": 39.02738,
    "longitude": 16.90788
  },
  {
    "ssn": 521024711,
    "latitude": 39.65968,
    "longitude": 17.07682
  },
  {
    "ssn": 710017229,
    "latitude": 40.43359,
    "longitude": 16.82568
  },
  {
    "ssn": 835997617,
    "latitude": 43.25312,
    "longitude": 16.15851
  },
  {
    "ssn": 655991077,
    "latitude": 44.60268,
    "longitude": 16.8358
  },
  {
    "ssn": 866546162,
    "latitude": 45.41151,
    "longitude": 16.56286
  },
  {
    "ssn": 390519215,
    "latitude": 40.77712,
    "longitude": 16.19209
  },
  {
    "ssn": 731817711,
    "latitude": 39.31352,
    "longitude": 16.95056
  },
  {
    "ssn": 613062510,
    "latitude": 42.74682,
    "longitude": 16.26556
  },
  {
    "ssn": 743299338,
    "latitude": 43.1118,
    "longitude": 16.55189
  },
  {
    "ssn": 115336397,
    "latitude": 39.05081,
    "longitude": 18.25953
  },
  {
    "ssn": 266168373,
    "latitude": 37.92669,
    "longitude": 16.80507
  },
  {
    "ssn": 482943735,
    "latitude": 42.46722,
    "longitude": 18.08858
  },
  {
    "ssn": 230839845,
    "latitude": 41.95968,
    "longitude": 15.98151
  },
  {
    "ssn": 608437201,
    "latitude": 38.9779,
    "longitude": 15.6032
  },
  {
    "ssn": 403341563,
    "latitude": 39.72788,
    "longitude": 17.55029
  },
  {
    "ssn": 590188200,
    "latitude": 41.08526,
    "longitude": 17.70662
  },
  {
    "ssn": 580476053,
    "latitude": 40.8706,
    "longitude": 17.43568
  },
  {
    "ssn": 862032615,
    "latitude": 38.5585,
    "longitude": 16.75852
  },
  {
    "ssn": 744365886,
    "latitude": 37.9553,
    "longitude": 16.76295
  },
  {
    "ssn": 983249732,
    "latitude": 38.74215,
    "longitude": 16.88229
  },
  {
    "ssn": 830728892,
    "latitude": 44.52873,
    "longitude": 16.86025
  },
  {
    "ssn": 208971862,
    "latitude": 39.04922,
    "longitude": 17.18822
  },
  {
    "ssn": 512384377,
    "latitude": 39.2667,
    "longitude": 17.38126
  },
  {
    "ssn": 987755901,
    "latitude": 44.03398,
    "longitude": 16.67194
  },
  {
    "ssn": 136998936,
    "latitude": 44.77224,
    "longitude": 17.09966
  },
  {
    "ssn": 930638696,
    "latitude": 42.4099,
    "longitude": 17.88011
  },
  {
    "ssn": 458888355,
    "latitude": 39.41923,
    "longitude": 15.89046
  },
  {
    "ssn": 326096906,
    "latitude": 37.72741,
    "longitude": 16.81759
  },
  {
    "ssn": 352852804,
    "latitude": 40.49988,
    "longitude": 17.36693
  },
  {
    "ssn": 745598780,
    "latitude": 42.7224,
    "longitude": 15.83148
  },
  {
    "ssn": 194206192,
    "latitude": 45.24283,
    "longitude": 15.65535
  },
  {
    "ssn": 639810400,
    "latitude": 45.52795,
    "longitude": 16.99283
  },
  {
    "ssn": 802763438,
    "latitude": 43.44032,
    "longitude": 18.28202
  },
  {
    "ssn": 517538448,
    "latitude": 45.84698,
    "longitude": 18.09466
  },
  {
    "ssn": 119940885,
    "latitude": 41.686,
    "longitude": 16.70631
  },
  {
    "ssn": 169599630,
    "latitude": 45.37222,
    "longitude": 16.24054
  },
  {
    "ssn": 414052907,
    "latitude": 40.62598,
    "longitude": 17.51993
  },
  {
    "ssn": 791358391,
    "latitude": 40.9585,
    "longitude": 16.74797
  },
  {
    "ssn": 536481182,
    "latitude": 39.16289,
    "longitude": 17.74616
  },
  {
    "ssn": 712979320,
    "latitude": 39.31864,
    "longitude": 16.89291
  },
  {
    "ssn": 651082227,
    "latitude": 42.07854,
    "longitude": 15.84852
  },
  {
    "ssn": 364048469,
    "latitude": 43.51928,
    "longitude": 16.69568
  },
  {
    "ssn": 157663225,
    "latitude": 43.1102,
    "longitude": 17.82391
  },
  {
    "ssn": 555815139,
    "latitude": 45.84408,
    "longitude": 16.64906
  },
  {
    "ssn": 659935305,
    "latitude": 44.26615,
    "longitude": 16.05548
  },
  {
    "ssn": 699372421,
    "latitude": 41.69891,
    "longitude": 17.23667
  },
  {
    "ssn": 764172999,
    "latitude": 41.00419,
    "longitude": 16.22559
  },
  {
    "ssn": 753256711,
    "latitude": 42.75907,
    "longitude": 18.05224
  },
  {
    "ssn": 543024655,
    "latitude": 43.45324,
    "longitude": 16.98537
  },
  {
    "ssn": 169611842,
    "latitude": 42.29149,
    "longitude": 17.4972
  },
  {
    "ssn": 806632335,
    "latitude": 43.58761,
    "longitude": 18.24137
  },
  {
    "ssn": 328415169,
    "latitude": 39.18989,
    "longitude": 16.65504
  },
  {
    "ssn": 797393255,
    "latitude": 44.47236,
    "longitude": 18.14663
  },
  {
    "ssn": 199030354,
    "latitude": 38.05427,
    "longitude": 16.9421
  },
  {
    "ssn": 292989902,
    "latitude": 42.64397,
    "longitude": 15.80622
  },
  {
    "ssn": 894526572,
    "latitude": 43.731,
    "longitude": 16.39589
  },
  {
    "ssn": 877902330,
    "latitude": 42.74952,
    "longitude": 16.7258
  },
  {
    "ssn": 602992106,
    "latitude": 46.34442,
    "longitude": 17.04972
  },
  {
    "ssn": 101924078,
    "latitude": 45.29548,
    "longitude": 15.67528
  },
  {
    "ssn": 699961906,
    "latitude": 39.88618,
    "longitude": 17.33001
  },
  {
    "ssn": 166641471,
    "latitude": 43.9559,
    "longitude": 17.99588
  },
  {
    "ssn": 148653838,
    "latitude": 44.40519,
    "longitude": 17.47467
  },
  {
    "ssn": 243157715,
    "latitude": 40.04378,
    "longitude": 16.22576
  },
  {
    "ssn": 892029770,
    "latitude": 43.3033,
    "longitude": 15.69402
  },
  {
    "ssn": 660503830,
    "latitude": 39.6839,
    "longitude": 15.68197
  },
  {
    "ssn": 995338663,
    "latitude": 41.62318,
    "longitude": 17.10366
  },
  {
    "ssn": 498991146,
    "latitude": 39.29657,
    "longitude": 16.17989
  },
  {
    "ssn": 939934603,
    "latitude": 44.99434,
    "longitude": 18.21808
  },
  {
    "ssn": 933882217,
    "latitude": 44.29166,
    "longitude": 16.55667
  },
  {
    "ssn": 185005664,
    "latitude": 46.54257,
    "longitude": 15.98451
  },
  {
    "ssn": 610310497,
    "latitude": 42.94001,
    "longitude": 17.8036
  },
  {
    "ssn": 189223253,
    "latitude": 39.59611,
    "longitude": 17.54011
  },
  {
    "ssn": 361377774,
    "latitude": 40.66254,
    "longitude": 18.3149
  },
  {
    "ssn": 106301059,
    "latitude": 46.08409,
    "longitude": 16.74696
  },
  {
    "ssn": 467059024,
    "latitude": 41.18751,
    "longitude": 17.81273
  },
  {
    "ssn": 358040050,
    "latitude": 43.26144,
    "longitude": 16.54103
  },
  {
    "ssn": 112304821,
    "latitude": 39.13375,
    "longitude": 17.21112
  },
  {
    "ssn": 776002154,
    "latitude": 45.46171,
    "longitude": 15.91499
  },
  {
    "ssn": 290595587,
    "latitude": 40.81366,
    "longitude": 17.47527
  },
  {
    "ssn": 341565298,
    "latitude": 41.57497,
    "longitude": 16.90632
  },
  {
    "ssn": 456149216,
    "latitude": 41.15707,
    "longitude": 16.82995
  },
  {
    "ssn": 507266327,
    "latitude": 44.29995,
    "longitude": 17.16657
  },
  {
    "ssn": 941470670,
    "latitude": 45.7807,
    "longitude": 15.95101
  },
  {
    "ssn": 716665905,
    "latitude": 44.89837,
    "longitude": 16.21356
  },
  {
    "ssn": 961579979,
    "latitude": 43.98822,
    "longitude": 18.1745
  },
  {
    "ssn": 739713273,
    "latitude": 44.63273,
    "longitude": 17.73675
  },
  {
    "ssn": 411556249,
    "latitude": 38.83916,
    "longitude": 17.57123
  },
  {
    "ssn": 594649699,
    "latitude": 45.06076,
    "longitude": 17.73943
  },
  {
    "ssn": 282127304,
    "latitude": 44.02568,
    "longitude": 17.13703
  },
  {
    "ssn": 178159214,
    "latitude": 40.44384,
    "longitude": 16.88587
  },
  {
    "ssn": 343822673,
    "latitude": 43.79375,
    "longitude": 16.04525
  },
  {
    "ssn": 317058039,
    "latitude": 38.81838,
    "longitude": 15.66924
  },
  {
    "ssn": 575059984,
    "latitude": 38.39093,
    "longitude": 16.10546
  },
  {
    "ssn": 262499530,
    "latitude": 44.23285,
    "longitude": 16.76626
  },
  {
    "ssn": 191974434,
    "latitude": 45.44078,
    "longitude": 15.65469
  },
  {
    "ssn": 736157399,
    "latitude": 40.54528,
    "longitude": 16.10616
  },
  {
    "ssn": 834520440,
    "latitude": 39.26541,
    "longitude": 17.85355
  },
  {
    "ssn": 657934353,
    "latitude": 40.15793,
    "longitude": 15.95145
  },
  {
    "ssn": 997444964,
    "latitude": 37.76396,
    "longitude": 17.47193
  },
  {
    "ssn": 503947249,
    "latitude": 44.10404,
    "longitude": 17.21506
  },
  {
    "ssn": 250683821,
    "latitude": 46.13723,
    "longitude": 16.51725
  },
  {
    "ssn": 599890453,
    "latitude": 44.053,
    "longitude": 16.65587
  },
  {
    "ssn": 760045721,
    "latitude": 37.7443,
    "longitude": 17.70352
  },
  {
    "ssn": 929829276,
    "latitude": 38.36014,
    "longitude": 17.7852
  },
  {
    "ssn": 720992243,
    "latitude": 39.09003,
    "longitude": 16.25994
  },
  {
    "ssn": 192545291,
    "latitude": 43.07549,
    "longitude": 16.84642
  },
  {
    "ssn": 993954060,
    "latitude": 46.24205,
    "longitude": 16.65624
  },
  {
    "ssn": 590582935,
    "latitude": 39.74019,
    "longitude": 18.16441
  },
  {
    "ssn": 320438916,
    "latitude": 40.20907,
    "longitude": 16.71433
  },
  {
    "ssn": 844961356,
    "latitude": 41.56655,
    "longitude": 17.14497
  },
  {
    "ssn": 155931326,
    "latitude": 39.95967,
    "longitude": 16.17472
  },
  {
    "ssn": 485031165,
    "latitude": 44.11079,
    "longitude": 17.35544
  },
  {
    "ssn": 169502992,
    "latitude": 42.89034,
    "longitude": 15.76813
  },
  {
    "ssn": 642015537,
    "latitude": 43.13675,
    "longitude": 16.33909
  },
  {
    "ssn": 908574826,
    "latitude": 39.19967,
    "longitude": 17.24107
  },
  {
    "ssn": 268691202,
    "latitude": 42.54354,
    "longitude": 15.84091
  },
  {
    "ssn": 526794657,
    "latitude": 43.43522,
    "longitude": 16.96763
  },
  {
    "ssn": 885350373,
    "latitude": 39.33241,
    "longitude": 17.67997
  },
  {
    "ssn": 223959228,
    "latitude": 42.66161,
    "longitude": 17.02237
  },
  {
    "ssn": 915480004,
    "latitude": 41.58,
    "longitude": 18.21081
  },
  {
    "ssn": 644638716,
    "latitude": 42.36276,
    "longitude": 18.11674
  },
  {
    "ssn": 912997720,
    "latitude": 39.16344,
    "longitude": 17.72841
  },
  {
    "ssn": 702661743,
    "latitude": 45.52905,
    "longitude": 16.00622
  },
  {
    "ssn": 642807297,
    "latitude": 41.34637,
    "longitude": 16.62856
  },
  {
    "ssn": 832165305,
    "latitude": 38.13797,
    "longitude": 16.66247
  },
  {
    "ssn": 755250490,
    "latitude": 45.3447,
    "longitude": 17.15963
  },
  {
    "ssn": 775969623,
    "latitude": 40.30905,
    "longitude": 16.423
  },
  {
    "ssn": 400508499,
    "latitude": 44.54009,
    "longitude": 17.55406
  },
  {
    "ssn": 356088269,
    "latitude": 38.58338,
    "longitude": 16.53856
  },
  {
    "ssn": 257352007,
    "latitude": 42.40167,
    "longitude": 16.55703
  },
  {
    "ssn": 380034788,
    "latitude": 40.89506,
    "longitude": 17.70834
  },
  {
    "ssn": 287024398,
    "latitude": 41.46534,
    "longitude": 15.68152
  },
  {
    "ssn": 732095469,
    "latitude": 46.73162,
    "longitude": 16.05761
  },
  {
    "ssn": 814664907,
    "latitude": 46.47341,
    "longitude": 16.65451
  },
  {
    "ssn": 851196177,
    "latitude": 44.43674,
    "longitude": 16.83601
  },
  {
    "ssn": 139394294,
    "latitude": 39.8752,
    "longitude": 16.1204
  },
  {
    "ssn": 552036938,
    "latitude": 44.76908,
    "longitude": 18.30319
  },
  {
    "ssn": 237191910,
    "latitude": 41.34674,
    "longitude": 15.64111
  },
  {
    "ssn": 143100260,
    "latitude": 44.7823,
    "longitude": 17.37407
  },
  {
    "ssn": 876140436,
    "latitude": 41.38249,
    "longitude": 16.52066
  },
  {
    "ssn": 942717661,
    "latitude": 42.5934,
    "longitude": 17.50253
  },
  {
    "ssn": 696216613,
    "latitude": 46.17361,
    "longitude": 15.76912
  },
  {
    "ssn": 142268624,
    "latitude": 44.53857,
    "longitude": 18.31844
  },
  {
    "ssn": 158706991,
    "latitude": 42.52842,
    "longitude": 16.50572
  },
  {
    "ssn": 760898079,
    "latitude": 44.2732,
    "longitude": 17.54945
  },
  {
    "ssn": 709660517,
    "latitude": 40.66093,
    "longitude": 18.16811
  },
  {
    "ssn": 772562452,
    "latitude": 39.0088,
    "longitude": 15.81668
  },
  {
    "ssn": 858419582,
    "latitude": 43.57165,
    "longitude": 16.00804
  },
  {
    "ssn": 577264338,
    "latitude": 42.262,
    "longitude": 15.96906
  },
  {
    "ssn": 871671092,
    "latitude": 42.30157,
    "longitude": 16.96729
  },
  {
    "ssn": 843724137,
    "latitude": 44.68586,
    "longitude": 17.73467
  },
  {
    "ssn": 914719312,
    "latitude": 43.96696,
    "longitude": 17.30358
  },
  {
    "ssn": 132945942,
    "latitude": 43.81265,
    "longitude": 18.12842
  },
  {
    "ssn": 897086392,
    "latitude": 44.01236,
    "longitude": 15.74322
  },
  {
    "ssn": 229260690,
    "latitude": 41.45881,
    "longitude": 17.72412
  },
  {
    "ssn": 445618342,
    "latitude": 42.45472,
    "longitude": 15.76946
  },
  {
    "ssn": 806052062,
    "latitude": 39.12016,
    "longitude": 17.03316
  }
]