[
  {
    "_id": "5c2bb0147eeeab340369eafe",
    "name": "Andrea Esposito",
    "ssn": 787392090,
    "birthDate": "20/06/1988",
    "gender": "MALE",
    "city": "Casalnuovo di Napoli",
    "province": "Province of Naples",
    "country": "Italy",
    "height": 174,
    "weight": 96,
    "bloodType": "A_POSITIVE",
    "email": "andreaesposito@hotmail.com",
    "password": "f8Ow2zD1Z33RBbHa"
  },
  {
    "_id": "5c2bd1ca7eeeab340369eaff",
    "name": "Franco Capon",
    "ssn": 132414399,
    "birthDate": "26/02/1996",
    "gender": "MALE",
    "city": "Bari",
    "province": "Metropolitan City of Bari",
    "country": "Italy",
    "height": 189,
    "weight": 87,
    "bloodType": "A_NEGATIVE",
    "email": "francocapon@hotmail.com",
    "password": "t1v2q9Qipo1CVx7Z"
  },
  {
    "_id": "5c2bd1de7eeeab340369eb00",
    "name": "Ferdinanda Calabresi",
    "ssn": 705486591,
    "birthDate": "21/12/1988",
    "gender": "FEMALE",
    "city": "Reggio Calabria",
    "province": "Province of Reggio Calabria",
    "country": "Italy",
    "height": 185,
    "weight": 110,
    "bloodType": "B_POSITIVE",
    "email": "ferdinandacalabresi@hotmail.com",
    "password": "Ej6RaAM04GoR5b7P"
  },
  {
    "_id": "5c2bd1e57eeeab340369eb01",
    "name": "Eugenia Panicucci",
    "ssn": 608981613,
    "birthDate": "17/07/1994",
    "gender": "FEMALE",
    "city": "Turin",
    "province": "Province of Turin",
    "country": "Italy",
    "height": 195,
    "weight": 104,
    "bloodType": "B_NEGATIVE",
    "email": "eugeniapanicucci@hotmail.com",
    "password": "RvYGUIIvAIY20RNh"
  },
  {
    "_id": "5c2bd1eb7eeeab340369eb02",
    "name": "Egidio Lucchese",
    "ssn": 169959598,
    "birthDate": "07/03/1955",
    "gender": "MALE",
    "city": "Bergamo",
    "province": "Province of Bergamo",
    "country": "Italy",
    "height": 149,
    "weight": 61,
    "bloodType": "AB_POSITIVE",
    "email": "egidiolucchese@hotmail.com",
    "password": "JiO1ASw82B2gMdBR"
  },
  {
    "_id": "5c2bd1f77eeeab340369eb03",
    "name": "Bonaventura Pagnotto",
    "ssn": 242592405,
    "birthDate": "18/07/1959",
    "gender": "MALE",
    "city": "Busto Arsizio",
    "province": "Province of Varese",
    "country": "Italy",
    "height": 189,
    "weight": 104,
    "bloodType": "AB_NEGATIVE",
    "email": "bonaventurapagnotto@hotmail.com",
    "password": "YYGZe6zIJ5kxHSz1"
  },
  {
    "_id": "5c2bd2027eeeab340369eb04",
    "name": "Dario Padovano",
    "ssn": 960333384,
    "birthDate": "04/11/2007",
    "gender": "MALE",
    "city": "Giugliano in Campania",
    "province": "Province of Naples",
    "country": "Italy",
    "height": 147,
    "weight": 92,
    "bloodType": "ZERO_POSITIVE",
    "email": "dariopadovano@hotmail.com",
    "password": "zNnGWAgeHCz0X45A"
  },
  {
    "_id": "5c2bd2037eeeab340369eb05",
    "name": "Oronzo Arcuri",
    "ssn": 736555113,
    "birthDate": "04/04/1982",
    "gender": "MALE",
    "city": "Pomezia",
    "province": "Province of Rome",
    "country": "Italy",
    "height": 154,
    "weight": 111,
    "bloodType": "A_POSITIVE",
    "email": "oronzoarcuri@hotmail.com",
    "password": "Ld1zQ55t8gbX8tPK"
  },
  {
    "_id": "5c2bd2037eeeab340369eb06",
    "name": "Rinaldo Castiglione",
    "ssn": 386089385,
    "birthDate": "14/10/2004",
    "gender": "MALE",
    "city": "Cremona",
    "province": "Province of Cremona",
    "country": "Italy",
    "height": 174,
    "weight": 90,
    "bloodType": "A_NEGATIVE",
    "email": "rinaldocastiglione@hotmail.com",
    "password": "xON403Vjflsmp04N"
  },
  {
    "_id": "5c2bd2047eeeab340369eb07",
    "name": "Teresa Pirozzi",
    "ssn": 394887010,
    "birthDate": "21/10/1972",
    "gender": "FEMALE",
    "city": "Velletri",
    "province": "Province of Rome",
    "country": "Italy",
    "height": 169,
    "weight": 103,
    "bloodType": "B_POSITIVE",
    "email": "teresapirozzi@hotmail.com",
    "password": "Bg3z13N4PFW2lfNr"
  },
  {
    "_id": "5c2bd2047eeeab340369eb08",
    "name": "Palmiro Zito",
    "ssn": 999233174,
    "birthDate": "15/06/1974",
    "gender": "MALE",
    "city": "Trieste",
    "province": "Province of Trieste",
    "country": "Italy",
    "height": 195,
    "weight": 81,
    "bloodType": "B_NEGATIVE",
    "email": "palmirozito@hotmail.com",
    "password": "C72GKR0br054OK88"
  },
  {
    "_id": "5c2bd2047eeeab340369eb09",
    "name": "Novella Lucciano",
    "ssn": 481877010,
    "birthDate": "03/01/1955",
    "gender": "FEMALE",
    "city": "Civitavecchia",
    "province": "Province of Rome",
    "country": "Italy",
    "height": 159,
    "weight": 80,
    "bloodType": "AB_POSITIVE",
    "email": "novellalucciano@hotmail.com",
    "password": "ptbPS5Bb8F2k0sWF"
  },
  {
    "_id": "5c2bd2067eeeab340369eb0a",
    "name": "Lina Trentino",
    "ssn": 726500768,
    "birthDate": "29/06/1945",
    "gender": "FEMALE",
    "city": "Trani",
    "province": "Province of Barletta-Andria-Trani",
    "country": "Italy",
    "height": 192,
    "weight": 101,
    "bloodType": "AB_NEGATIVE",
    "email": "linatrentino@hotmail.com",
    "password": "8A6r5UFCK0IRVX61"
  },
  {
    "_id": "5c2bd22d7eeeab340369eb0b",
    "name": "Cino Pirozzi",
    "ssn": 972216029,
    "birthDate": "03/10/1974",
    "gender": "MALE",
    "city": "Udine",
    "province": "Province of Udine",
    "country": "Italy",
    "height": 155,
    "weight": 51,
    "bloodType": "ZERO_POSITIVE",
    "email": "cinopirozzi@hotmail.com",
    "password": "Fj5jNPTOmGncdual"
  },
  {
    "_id": "5c2bd22f7eeeab340369eb0c",
    "name": "Mariano Genovesi",
    "ssn": 120547805,
    "birthDate": "18/11/1966",
    "gender": "MALE",
    "city": "Cinisello Balsamo",
    "province": "Province of Milan",
    "country": "Italy",
    "height": 191,
    "weight": 79,
    "bloodType": "ZERO_NEGATIVE",
    "email": "marianogenovesi@hotmail.com",
    "password": "BlklA9521rFLqzgs"
  },
  {
    "_id": "5c2bd22f7eeeab340369eb0d",
    "name": "Anna Pisano",
    "ssn": 552638413,
    "birthDate": "15/05/1998",
    "gender": "FEMALE",
    "city": "Treviso",
    "province": "Province of Treviso",
    "country": "Italy",
    "height": 153,
    "weight": 107,
    "bloodType": "B_POSITIVE",
    "email": "annapisano@hotmail.com",
    "password": "tU7127NY8NJYmBEH"
  },
  {
    "_id": "5c2bd22f7eeeab340369eb0e",
    "name": "Neera Fiorentini",
    "ssn": 364978902,
    "birthDate": "16/11/1981",
    "gender": "FEMALE",
    "city": "Brescia",
    "province": "Province of Brescia",
    "country": "Italy",
    "height": 157,
    "weight": 110,
    "bloodType": "B_NEGATIVE",
    "email": "neerafiorentini@hotmail.com",
    "password": "UxkYN21o2YsA0Pv1"
  },
  {
    "_id": "5c2bd2307eeeab340369eb0f",
    "name": "Raul Zetticci",
    "ssn": 233111926,
    "birthDate": "16/05/1999",
    "gender": "MALE",
    "city": "Acireale",
    "province": "Province of Catania",
    "country": "Italy",
    "height": 140,
    "weight": 129,
    "bloodType": "AB_POSITIVE",
    "email": "raulzetticci@hotmail.com",
    "password": "Hgj$1GLo&4c7+oZZ"
  },
  {
    "_id": "5c2bd2317eeeab340369eb10",
    "name": "Cristiano Milani",
    "ssn": 953070919,
    "birthDate": "06/04/1978",
    "gender": "MALE",
    "city": "Bolzano",
    "province": "Province of Bolzano",
    "country": "Italy",
    "height": 144,
    "weight": 145,
    "bloodType": "AB_NEGATIVE",
    "email": "cristianomilani@hotmail.com",
    "password": "TBG9T&8_ul4=#J@z"
  },
  {
    "_id": "5c2bd2507eeeab340369eb11",
    "name": "Valter Arcuri",
    "ssn": 680187531,
    "birthDate": "26/05/1967",
    "gender": "MALE",
    "city": "Catania",
    "province": "Province of Catania",
    "country": "Italy",
    "height": 172,
    "weight": 139,
    "bloodType": "A_POSITIVE",
    "email": "valterarcuri@hotmail.com",
    "password": "0ajsM0PTJd6jRkQs"
  },
  {
    "_id": "5c2bd2507eeeab340369eb12",
    "name": "Manuel Mazzanti",
    "ssn": 604243131,
    "birthDate": "27/07/1947",
    "gender": "MALE",
    "city": "Naples",
    "province": "Province of Naples",
    "country": "Italy",
    "height": 157,
    "weight": 110,
    "bloodType": "A_NEGATIVE",
    "email": "manuelmazzanti@hotmail.com",
    "password": "GmBtl6Tnknz7W7Fj"
  },
  {
    "_id": "5c2bd2517eeeab340369eb13",
    "name": "Edvige Pugliesi",
    "ssn": 403290377,
    "birthDate": "09/08/1975",
    "gender": "FEMALE",
    "city": "Andria",
    "province": "Province of Barletta-Andria-Trani",
    "country": "Italy",
    "height": 153,
    "weight": 149,
    "bloodType": "B_POSITIVE",
    "email": "edvigepugliesi@hotmail.com",
    "password": "8F6kGMKqw4h512rp"
  },
  {
    "_id": "5c2bd2517eeeab340369eb14",
    "name": "Giovanna Marchesi",
    "ssn": 544527604,
    "birthDate": "02/10/1996",
    "gender": "FEMALE",
    "city": "Carpi",
    "province": "Province of Modena",
    "country": "Italy",
    "height": 169,
    "weight": 97,
    "bloodType": "B_NEGATIVE",
    "email": "giovannamarchesi@hotmail.com",
    "password": "osHMaPSi2205^du#"
  },
  {
    "_id": "5c2bd2517eeeab340369eb15",
    "name": "Giovanni Bruno",
    "ssn": 801658267,
    "birthDate": "03/08/2005",
    "gender": "MALE",
    "city": "Taranto",
    "province": "Province of Taranto",
    "country": "Italy",
    "height": 185,
    "weight": 139,
    "bloodType": "AB_POSITIVE",
    "email": "giovannibruno@hotmail.com",
    "password": "0iJ!#Q?*aDF585Mh"
  },
  {
    "_id": "5c2bd2517eeeab340369eb16",
    "name": "Prudenzia Pinto",
    "ssn": 771636447,
    "birthDate": "11/07/2005",
    "gender": "FEMALE",
    "city": "Modena",
    "province": "Province of Modena",
    "country": "Italy",
    "height": 172,
    "weight": 67,
    "bloodType": "AB_NEGATIVE",
    "email": "prudenziapinto@hotmail.com",
    "password": "8lF8U*w*qM053w27"
  },
  {
    "_id": "5c2bd2517eeeab340369eb17",
    "name": "Elda Trentini",
    "ssn": 625298784,
    "birthDate": "04/08/1949",
    "gender": "FEMALE",
    "city": "Casoria",
    "province": "Province of Naples",
    "country": "Italy",
    "height": 151,
    "weight": 64,
    "bloodType": "ZERO_POSITIVE",
    "email": "eldatrentini@hotmail.com",
    "password": "eY_BEQ2MWhT8q4-5"
  },
  {
    "_id": "5c2bd2517eeeab340369eb18",
    "name": "Adamo Esposito",
    "ssn": 870234616,
    "birthDate": "08/11/1956",
    "gender": "MALE",
    "city": "Taranto",
    "province": "Province of Taranto",
    "country": "Italy",
    "height": 190,
    "weight": 95,
    "bloodType": "ZERO_NEGATIVE",
    "email": "adamoesposito@hotmail.com",
    "password": "5*p30za9VOn@U?7M"
  },
  {
    "_id": "5c2bd2517eeeab340369eb19",
    "name": "Serafino Manfrin",
    "ssn": 637031983,
    "birthDate": "01/08/1964",
    "gender": "MALE",
    "city": "Brindisi",
    "province": "Province of Brindisi",
    "country": "Italy",
    "height": 187,
    "weight": 62,
    "bloodType": "A_NEGATIVE",
    "email": "serafinomanfrin@hotmail.com",
    "password": "pB=%x+G6CE^V#8WE"
  },
  {
    "_id": "5c2bd2537eeeab340369eb1a",
    "name": "Cirilla Fanucci",
    "ssn": 974506314,
    "birthDate": "02/03/1955",
    "gender": "FEMALE",
    "city": "Treviso",
    "province": "Province of Treviso",
    "country": "Italy",
    "height": 163,
    "weight": 159,
    "bloodType": "B_POSITIVE",
    "email": "cirillafanucci@alice.it",
    "password": "8n_eKe328i@akK4Z"
  },
  {
    "_id": "5c2bd2767eeeab340369eb1b",
    "name": "Patrizio Nucci",
    "ssn": 132429890,
    "birthDate": "03/08/1993",
    "gender": "MALE",
    "city": "Carrara",
    "province": "Province of Massa-Carrara",
    "country": "Italy",
    "height": 179,
    "weight": 152,
    "bloodType": "B_NEGATIVE",
    "email": "patrizionucci@alice.it",
    "password": "pG81myJh999Z?2kb"
  },
  {
    "_id": "5c2bd2777eeeab340369eb1c",
    "name": "Fabio Schiavone",
    "ssn": 725767097,
    "birthDate": "03/11/1977",
    "gender": "MALE",
    "city": "Ferrara",
    "province": "Province of Ferrara",
    "country": "Italy",
    "height": 153,
    "weight": 121,
    "bloodType": "AB_POSITIVE",
    "email": "fabioschiavone@alice.it",
    "password": "9OVUqM!CGSj1MT&z"
  },
  {
    "_id": "5c2bd2777eeeab340369eb1d",
    "name": "Cesio Siciliano",
    "ssn": 402330902,
    "birthDate": "10/10/1990",
    "gender": "MALE",
    "city": "Udine",
    "province": "Province of Udine",
    "country": "Italy",
    "height": 178,
    "weight": 52,
    "bloodType": "AB_NEGATIVE",
    "email": "cesiosiciliano@alice.it",
    "password": "hqYfS&PFA7h+36fM"
  },
  {
    "_id": "5c2bd2777eeeab340369eb1e",
    "name": "Elisabetta Manna",
    "ssn": 334416733,
    "birthDate": "23/10/1988",
    "gender": "FEMALE",
    "city": "Lecce",
    "province": "Province of Lecce",
    "country": "Italy",
    "height": 195,
    "weight": 65,
    "bloodType": "ZERO_POSITIVE",
    "email": "elisabettamanna@alice.it",
    "password": "dO4R_m+Pf7M8-WA-"
  },
  {
    "_id": "5c2bd2777eeeab340369eb1f",
    "name": "Priscilla Lucchesi",
    "ssn": 595876357,
    "birthDate": "11/07/1966",
    "gender": "FEMALE",
    "city": "Guidonia Montecelio",
    "province": "Province of Rome",
    "country": "Italy",
    "height": 160,
    "weight": 131,
    "bloodType": "A_POSITIVE",
    "email": "priscillalucchesi@alice.it",
    "password": "o*vmoA_k8LItBpx9"
  },
  {
    "_id": "5c2bd27a7eeeab340369eb20",
    "name": "Batilda Milanesi",
    "ssn": 663327544,
    "birthDate": "21/01/1960",
    "gender": "FEMALE",
    "city": "Reggio Emilia",
    "province": "Province of Reggio Emilia",
    "country": "Italy",
    "height": 157,
    "weight": 153,
    "bloodType": "A_NEGATIVE",
    "email": "batildamilanesi@alice.it",
    "password": "d%Wl&_fb$o-7d+w@"
  },
  {
    "_id": "5c2bd27a7eeeab340369eb21",
    "name": "Aiace Romani",
    "ssn": 472134610,
    "birthDate": "14/07/1960",
    "gender": "FEMALE",
    "city": "Catania",
    "province": "Province of Catania",
    "country": "Italy",
    "height": 189,
    "weight": 132,
    "bloodType": "B_POSITIVE",
    "email": "aiaceromani@alice.it",
    "password": "pe##BGFfY4$=f4Yg"
  },
  {
    "_id": "5c2bd27a7eeeab340369eb22",
    "name": "Isa Manfrin",
    "ssn": 824121722,
    "birthDate": "20/08/2004",
    "gender": "FEMALE",
    "city": "Giugliano in Campania",
    "province": "Province of Naples",
    "country": "Italy",
    "height": 197,
    "weight": 114,
    "bloodType": "B_NEGATIVE",
    "email": "isamanfrin@alice.it",
    "password": "LcYx2FmOLAMA2Wb3"
  },
  {
    "_id": "5c2bd27a7eeeab340369eb23",
    "name": "Geraldo Panicucci",
    "ssn": 638376433,
    "birthDate": "19/10/1946",
    "gender": "MALE",
    "city": "Palermo",
    "province": "Province of Palermo",
    "country": "Italy",
    "height": 144,
    "weight": 80,
    "bloodType": "AB_POSITIVE",
    "email": "geraldopanicucci@alice.it",
    "password": "zJ02WgDd7j48cgkD"
  },
  {
    "_id": "5c2bd27a7eeeab340369eb24",
    "name": "Linda Milanesi",
    "ssn": 854883616,
    "birthDate": "23/08/1977",
    "gender": "FEMALE",
    "city": "Rimini",
    "province": "Province of Rimini",
    "country": "Italy",
    "height": 171,
    "weight": 152,
    "bloodType": "AB_NEGATIVE",
    "email": "lindamilanesi@alice.it",
    "password": "0cIl6Qzv8gaQ4iEj"
  },
  {
    "_id": "5c2bd27a7eeeab340369eb25",
    "name": "Aurora Beneventi",
    "ssn": 494258295,
    "birthDate": "26/01/1991",
    "gender": "FEMALE",
    "city": "Pomezia",
    "province": "Province of Rome",
    "country": "Italy",
    "height": 185,
    "weight": 81,
    "bloodType": "ZERO_POSITIVE",
    "email": "aurorabeneventi@alice.it",
    "password": "3iemdyxCtKcaF84M"
  },
  {
    "_id": "5c2bd27a7eeeab340369eb26",
    "name": "Delmina Costa",
    "ssn": 550472090,
    "birthDate": "03/01/1970",
    "gender": "FEMALE",
    "city": "Messina",
    "province": "Province of Messina",
    "country": "Italy",
    "height": 175,
    "weight": 120,
    "bloodType": "ZERO_NEGATIVE",
    "email": "delminacosta@alice.it",
    "password": "GW85HgT4HD04PLkD"
  },
  {
    "_id": "5c2bd27a7eeeab340369eb27",
    "name": "Matilde Moretti",
    "ssn": 191881980,
    "birthDate": "02/12/1945",
    "gender": "FEMALE",
    "city": "Acireale",
    "province": "Province of Catania",
    "country": "Italy",
    "height": 149,
    "weight": 108,
    "bloodType": "B_POSITIVE",
    "email": "matildemoretti@alice.it",
    "password": "W0F6o0pmxuT8B1K8"
  },
  {
    "_id": "5c2bd27a7eeeab340369eb28",
    "name": "Costantino Giordano",
    "ssn": 802886816,
    "birthDate": "19/06/1981",
    "gender": "MALE",
    "city": "Massa",
    "province": "Province of Massa-Carrara",
    "country": "Italy",
    "height": 157,
    "weight": 56,
    "bloodType": "B_NEGATIVE",
    "email": "costantinogiordano@alice.it",
    "password": "PBBS6YaHj6nfYxMP"
  },
  {
    "_id": "5c2bd29a7eeeab340369eb29",
    "name": "Tarquinio Pirozzi",
    "ssn": 521024711,
    "birthDate": "13/03/1964",
    "gender": "MALE",
    "city": "Pomezia",
    "province": "Province of Rome",
    "country": "Italy",
    "height": 161,
    "weight": 118,
    "bloodType": "AB_POSITIVE",
    "email": "tarquiniopirozzi@alice.it",
    "password": "Zxynhk6F7bo2YyKP"
  },
  {
    "_id": "5c2bd29a7eeeab340369eb2a",
    "name": "Albina Zetticci",
    "ssn": 710017229,
    "birthDate": "21/12/1996",
    "gender": "FEMALE",
    "city": "Torre del Greco",
    "province": "Province of Naples",
    "country": "Italy",
    "height": 182,
    "weight": 126,
    "bloodType": "AB_NEGATIVE",
    "email": "albinazetticci@alice.it",
    "password": "9IkiPgTJ1r8G8x31"
  },
  {
    "_id": "5c2bd29a7eeeab340369eb2b",
    "name": "Vincenzo Baresi",
    "ssn": 835997617,
    "birthDate": "17/09/2004",
    "gender": "MALE",
    "city": "Messina",
    "province": "Province of Messina",
    "country": "Italy",
    "height": 185,
    "weight": 76,
    "bloodType": "ZERO_POSITIVE",
    "email": "vincenzobaresi@alice.it",
    "password": "cJ0nJA2bq84D5cwL"
  },
  {
    "_id": "5c2bd29a7eeeab340369eb2c",
    "name": "Monica Fanucci",
    "ssn": 655991077,
    "birthDate": "01/07/1990",
    "gender": "FEMALE",
    "city": "Grosseto",
    "province": "Province of Grosseto",
    "country": "Italy",
    "height": 188,
    "weight": 122,
    "bloodType": "ZERO_NEGATIVE",
    "email": "monicafanucci@alice.it",
    "password": "zT87y108cmmH7rbJ"
  },
  {
    "_id": "5c2bd29a7eeeab340369eb2d",
    "name": "Ruggero Trentini",
    "ssn": 866546162,
    "birthDate": "14/07/1990",
    "gender": "MALE",
    "city": "Acireale",
    "province": "Province of Catania",
    "country": "Italy",
    "height": 181,
    "weight": 111,
    "bloodType": "A_POSITIVE",
    "email": "ruggerotrentini@alice.it",
    "password": "5158XMlq6osDDyvB"
  },
  {
    "_id": "5c2bd29a7eeeab340369eb2e",
    "name": "Michelangelo Trevisani",
    "ssn": 390519215,
    "birthDate": "27/04/1971",
    "gender": "MALE",
    "city": "Pescara",
    "province": "Province of Pescara",
    "country": "Italy",
    "height": 161,
    "weight": 72,
    "bloodType": "A_NEGATIVE",
    "email": "michelangelotrevisani@alice.it",
    "password": "ldJ9fIDz25Cd5bGf"
  },
  {
    "_id": "5c2bd29a7eeeab340369eb2f",
    "name": "Ciro Baresi",
    "ssn": 731817711,
    "birthDate": "29/07/1990",
    "gender": "MALE",
    "city": "Piacenza",
    "province": "Province of Piacenza",
    "country": "Italy",
    "height": 140,
    "weight": 152,
    "bloodType": "B_POSITIVE",
    "email": "cirobaresi@alice.it",
    "password": "ay2UKkfR3lw73gq3"
  },
  {
    "_id": "5c2bd4357eeeab340369eb30",
    "name": "Crispina Trevisan",
    "ssn": 613062510,
    "birthDate": "15/05/1966",
    "gender": "FEMALE",
    "city": "Caserta",
    "province": "Province of Caserta",
    "country": "Italy",
    "height": 168,
    "weight": 135,
    "bloodType": "B_NEGATIVE",
    "email": "crispinatrevisan@alice.it",
    "password": "ZJH16rECuhSg2MK9"
  },
  {
    "_id": "5c2bd4357eeeab340369eb31",
    "name": "Emanuela Loggia",
    "ssn": 743299338,
    "birthDate": "06/10/1995",
    "gender": "FEMALE",
    "city": "Brindisi",
    "province": "Province of Brindisi",
    "country": "Italy",
    "height": 176,
    "weight": 54,
    "bloodType": "AB_POSITIVE",
    "email": "emanuelaloggia@alice.it",
    "password": "ooGs2e76297678cG"
  },
  {
    "_id": "5c2bd4357eeeab340369eb32",
    "name": "Terzo Sabbatini",
    "ssn": 115336397,
    "birthDate": "10/10/1980",
    "gender": "MALE",
    "city": "Florence",
    "province": "Province of Florence",
    "country": "Italy",
    "height": 163,
    "weight": 110,
    "bloodType": "AB_NEGATIVE",
    "email": "terzosabbatini@alice.it",
    "password": "0rRSOTjJ0QE650KU"
  },
  {
    "_id": "5c2bd4357eeeab340369eb33",
    "name": "Berardo Costa",
    "ssn": 266168373,
    "birthDate": "09/04/1956",
    "gender": "MALE",
    "city": "Velletri",
    "province": "Province of Rome",
    "country": "Italy",
    "height": 172,
    "weight": 105,
    "bloodType": "ZERO_POSITIVE",
    "email": "berardocosta@alice.it",
    "password": "TXl08d547c4uWjxQ"
  },
  {
    "_id": "5c2bd4357eeeab340369eb34",
    "name": "Elide Napolitano",
    "ssn": 482943735,
    "birthDate": "16/12/1951",
    "gender": "MALE",
    "city": "Imola",
    "province": "Province of Bologna",
    "country": "Italy",
    "height": 196,
    "weight": 116,
    "bloodType": "ZERO_NEGATIVE",
    "email": "elidenapolitano@alice.it",
    "password": "7M5dBdeHiptUuJ1s"
  },
  {
    "_id": "5c2bd4357eeeab340369eb35",
    "name": "Aurelia Boni",
    "ssn": 230839845,
    "birthDate": "03/10/2007",
    "gender": "FEMALE",
    "city": "Potenza",
    "province": "Province of Potenza",
    "country": "Italy",
    "height": 187,
    "weight": 89,
    "bloodType": "A_POSITIVE",
    "email": "aureliaboni@alice.it",
    "password": "eL9B25rbQN2Z7Rfu"
  },
  {
    "_id": "5c2bd4357eeeab340369eb36",
    "name": "Tolomeo Pirozzi",
    "ssn": 608437201,
    "birthDate": "18/04/1971",
    "gender": "MALE",
    "city": "Asti",
    "province": "Province of Asti",
    "country": "Italy",
    "height": 172,
    "weight": 92,
    "bloodType": "A_NEGATIVE",
    "email": "tolomeopirozzi@alice.it",
    "password": "Nt0Qx5co8kSD4s0L"
  },
  {
    "_id": "5c2bd4357eeeab340369eb37",
    "name": "Filippo Bergamaschi",
    "ssn": 403341563,
    "birthDate": "20/02/1974",
    "gender": "MALE",
    "city": "Varese",
    "province": "Province of Varese",
    "country": "Italy",
    "height": 178,
    "weight": 127,
    "bloodType": "B_POSITIVE",
    "email": "filippobergamaschi@alice.it",
    "password": "bVPjLtDc3dsoF1WH"
  },
  {
    "_id": "5c2bd4357eeeab340369eb38",
    "name": "Giacinta Udinese",
    "ssn": 590188200,
    "birthDate": "28/10/1955",
    "gender": "FEMALE",
    "city": "Potenza",
    "province": "Province of Potenza",
    "country": "Italy",
    "height": 164,
    "weight": 70,
    "bloodType": "B_NEGATIVE",
    "email": "giacintaudinese@alice.it",
    "password": "0nbTqmorgDJd1n3G"
  },
  {
    "_id": "5c2bd4357eeeab340369eb39",
    "name": "Giulio Lorenzo",
    "ssn": 580476053,
    "birthDate": "01/09/1954",
    "gender": "MALE",
    "city": "Aversa",
    "province": "Province of Caserta",
    "country": "Italy",
    "height": 143,
    "weight": 88,
    "bloodType": "AB_POSITIVE",
    "email": "giuliolorenzo@alice.it",
    "password": "68qRQFE9cqeYuNde"
  },
  {
    "_id": "5c2bd4357eeeab340369eb3a",
    "name": "Enrica Lori",
    "ssn": 862032615,
    "birthDate": "16/05/2002",
    "gender": "FEMALE",
    "city": "Vicenza",
    "province": "Province of Vicenza",
    "country": "Italy",
    "height": 191,
    "weight": 54,
    "bloodType": "AB_NEGATIVE",
    "email": "enricalori@alice.it",
    "password": "oDvd6TDknWjbwTON"
  },
  {
    "_id": "5c2bd4537eeeab340369eb3b",
    "name": "Melania Folliero",
    "ssn": 744365886,
    "birthDate": "15/07/1958",
    "gender": "FEMALE",
    "city": "Ragusa",
    "province": "Province of Ragusa",
    "country": "Italy",
    "height": 141,
    "weight": 143,
    "bloodType": "ZERO_POSITIVE",
    "email": "melaniafolliero@alice.it",
    "password": "l1Njm1258H2wo2u7"
  },
  {
    "_id": "5c2bd4577eeeab340369eb3c",
    "name": "Rodrigo Romani",
    "ssn": 983249732,
    "birthDate": "13/10/2009",
    "gender": "MALE",
    "city": "Milan",
    "province": "Province of Milan",
    "country": "Italy",
    "height": 193,
    "weight": 54,
    "bloodType": "ZERO_NEGATIVE",
    "email": "rodrigoromani@alice.it",
    "password": "8mHyzX0z5jIKW8Hp"
  },
  {
    "_id": "5c2bd4587eeeab340369eb3e",
    "name": "Carmen Zetticci",
    "ssn": 830728892,
    "birthDate": "15/07/1982",
    "gender": "MALE",
    "city": "Parma",
    "province": "Province of Parma",
    "country": "Italy",
    "height": 190,
    "weight": 83,
    "bloodType": "AB_POSITIVE",
    "email": "carmenzetticci@alice.it",
    "password": "niNFi64U19i58tai"
  },
  {
    "_id": "5c2bd4587eeeab340369eb3f",
    "name": "Romeo Genovese",
    "ssn": 208971862,
    "birthDate": "24/11/1971",
    "gender": "MALE",
    "city": "Imola",
    "province": "Province of Bologna",
    "country": "Italy",
    "height": 175,
    "weight": 135,
    "bloodType": "A_POSITIVE",
    "email": "romeogenovese@alice.it",
    "password": "fie6I0VgGirXF082"
  },
  {
    "_id": "5c2bd47f7eeeab340369eb40",
    "name": "Antonietta Manna",
    "ssn": 512384377,
    "birthDate": "08/01/1988",
    "gender": "FEMALE",
    "city": "Reggio Emilia",
    "province": "Province of Reggio Emilia",
    "country": "Italy",
    "height": 179,
    "weight": 158,
    "bloodType": "A_NEGATIVE",
    "email": "antoniettamanna@alice.it",
    "password": "WOOLy2bG0wDXFVE7"
  },
  {
    "_id": "5c2bd47f7eeeab340369eb41",
    "name": "Olimpia Lettiere",
    "ssn": 987755901,
    "birthDate": "17/05/1955",
    "gender": "FEMALE",
    "city": "Palermo",
    "province": "Province of Palermo",
    "country": "Italy",
    "height": 172,
    "weight": 96,
    "bloodType": "B_POSITIVE",
    "email": "olimpialettiere@alice.it",
    "password": "0Dm043B1aTTRcxKl"
  },
  {
    "_id": "5c2bd47f7eeeab340369eb42",
    "name": "Antonella Lucciano",
    "ssn": 136998936,
    "birthDate": "20/07/1961",
    "gender": "FEMALE",
    "city": "Turin",
    "province": "Province of Turin",
    "country": "Italy",
    "height": 168,
    "weight": 59,
    "bloodType": "B_NEGATIVE",
    "email": "antonellalucciano@alice.it",
    "password": "Z56v98268PCofsF1"
  },
  {
    "_id": "5c2bd47f7eeeab340369eb43",
    "name": "Battista Rossi",
    "ssn": 930638696,
    "birthDate": "06/03/1968",
    "gender": "FEMALE",
    "city": "Trapani",
    "province": "Province of Trapani",
    "country": "Italy",
    "height": 164,
    "weight": 82,
    "bloodType": "AB_POSITIVE",
    "email": "battistarossi@alice.it",
    "password": "3Sq4TosK2JVbowQ6"
  },
  {
    "_id": "5c2bd47f7eeeab340369eb44",
    "name": "Flavia Schiavone",
    "ssn": 458888355,
    "birthDate": "22/03/1985",
    "gender": "FEMALE",
    "city": "Busto Arsizio",
    "province": "Province of Varese",
    "country": "Italy",
    "height": 194,
    "weight": 136,
    "bloodType": "AB_NEGATIVE",
    "email": "flaviaschiavone@alice.it",
    "password": "nZMMwO8tgV0h7WUf"
  },
  {
    "_id": "5c2bd4817eeeab340369eb45",
    "name": "Ottavia Giordano",
    "ssn": 326096906,
    "birthDate": "21/11/1971",
    "gender": "FEMALE",
    "city": "Imola",
    "province": "Province of Bologna",
    "country": "Italy",
    "height": 153,
    "weight": 51,
    "bloodType": "ZERO_POSITIVE",
    "email": "ottaviagiordano@alice.it",
    "password": "W03k2cpNxtC3X68F"
  },
  {
    "_id": "5c2bd4817eeeab340369eb46",
    "name": "Manlio Lettiere",
    "ssn": 352852804,
    "birthDate": "25/01/1993",
    "gender": "MALE",
    "city": "Casoria",
    "province": "Province of Naples",
    "country": "Italy",
    "height": 178,
    "weight": 117,
    "bloodType": "ZERO_NEGATIVE",
    "email": "manliolettiere@alice.it",
    "password": "lUNQf4czjRlORX2n"
  },
  {
    "_id": "5c2bd4817eeeab340369eb47",
    "name": "Divo Trentino",
    "ssn": 745598780,
    "birthDate": "28/10/1956",
    "gender": "MALE",
    "city": "Naples",
    "province": "Province of Naples",
    "country": "Italy",
    "height": 141,
    "weight": 80,
    "bloodType": "AB_POSITIVE",
    "email": "divotrentino@alice.it",
    "password": "Q6eGfC7Raz239w09"
  },
  {
    "_id": "5c2bd4817eeeab340369eb48",
    "name": "Oberto Udinese",
    "ssn": 194206192,
    "birthDate": "22/03/1975",
    "gender": "MALE",
    "city": "Massa",
    "province": "Province of Massa-Carrara",
    "country": "Italy",
    "height": 180,
    "weight": 75,
    "bloodType": "AB_NEGATIVE",
    "email": "obertoudinese@alice.it",
    "password": "qh7V6a4Fc1UkbioQ"
  },
  {
    "_id": "5c2bd4817eeeab340369eb49",
    "name": "Amelia Lucciano",
    "ssn": 639810400,
    "birthDate": "04/03/1965",
    "gender": "FEMALE",
    "city": "Trieste",
    "province": "Province of Trieste",
    "country": "Italy",
    "height": 185,
    "weight": 100,
    "bloodType": "ZERO_POSITIVE",
    "email": "amelialucciano@alice.it",
    "password": "SdnQK85SZ7njMqpZ"
  },
  {
    "_id": "5c2bd4a67eeeab340369eb4a",
    "name": "Laura Longo",
    "ssn": 802763438,
    "birthDate": "13/11/2009",
    "gender": "FEMALE",
    "city": "Salerno",
    "province": "Province of Prato",
    "country": "Italy",
    "height": 197,
    "weight": 154,
    "bloodType": "ZERO_NEGATIVE",
    "email": "lauralongo@alice.it",
    "password": "3U4CbIopFx8lAttU"
  },
  {
    "_id": "5c2bd4a77eeeab340369eb4b",
    "name": "Ernesto Lettiere",
    "ssn": 517538448,
    "birthDate": "26/01/1975",
    "gender": "MALE",
    "city": "Pozzuoli",
    "province": "Province of Naples",
    "country": "Italy",
    "height": 165,
    "weight": 104,
    "bloodType": "A_POSITIVE",
    "email": "ernestolettiere@alice.it",
    "password": "Ox5bx5Jhi2CSTD1s"
  },
  {
    "_id": "5c2bd4a77eeeab340369eb4c",
    "name": "Deodata Capon",
    "ssn": 119940885,
    "birthDate": "20/03/1993",
    "gender": "FEMALE",
    "city": "Ravenna",
    "province": "Province of Ravenna",
    "country": "Italy",
    "height": 168,
    "weight": 90,
    "bloodType": "A_NEGATIVE",
    "email": "deodatacapon@alice.it",
    "password": "99D5FieL50ntIL02"
  },
  {
    "_id": "5c2bd4a77eeeab340369eb4d",
    "name": "Giorgia Nucci",
    "ssn": 169599630,
    "birthDate": "20/01/1950",
    "gender": "FEMALE",
    "city": "Ferrara",
    "province": "Province of Ferrara",
    "country": "Italy",
    "height": 176,
    "weight": 122,
    "bloodType": "B_POSITIVE",
    "email": "giorgianucci@alice.it",
    "password": "I4S0RlWlcQYjrajk"
  },
  {
    "_id": "5c2bd4a77eeeab340369eb4e",
    "name": "Albano Siciliano",
    "ssn": 414052907,
    "birthDate": "12/05/1947",
    "gender": "MALE",
    "city": "Rimini",
    "province": "Province of Rimini",
    "country": "Italy",
    "height": 181,
    "weight": 51,
    "bloodType": "B_NEGATIVE",
    "email": "albanosiciliano@alice.it",
    "password": "26UiQemx7Xbg3xFI"
  },
  {
    "_id": "5c2bd4a87eeeab340369eb4f",
    "name": "Carlo Moretti",
    "ssn": 791358391,
    "birthDate": "27/05/1952",
    "gender": "MALE",
    "city": "Reggio Calabria",
    "province": "Province of Reggio Calabria",
    "country": "Italy",
    "height": 164,
    "weight": 75,
    "bloodType": "A_POSITIVE",
    "email": "carlomoretti@alice.it",
    "password": "JoIAqs0Nrzcex6Dg"
  },
  {
    "_id": "5c2bd4a87eeeab340369eb50",
    "name": "Alfredina Fallaci",
    "ssn": 536481182,
    "birthDate": "27/09/1977",
    "gender": "FEMALE",
    "city": "Guidonia Montecelio",
    "province": "Province of Rome",
    "country": "Italy",
    "height": 166,
    "weight": 140,
    "bloodType": "A_NEGATIVE",
    "email": "alfredinafallaci@alice.it",
    "password": "D3qDVafLYM1zG69q"
  },
  {
    "_id": "5c2bd4d37eeeab340369eb51",
    "name": "Adele Napolitani",
    "ssn": 712979320,
    "birthDate": "17/01/2006",
    "gender": "FEMALE",
    "city": "Mazara del Vallo",
    "province": "Province of Trapani",
    "country": "Italy",
    "height": 190,
    "weight": 105,
    "bloodType": "B_POSITIVE",
    "email": "adelenapolitani@alice.it",
    "password": "Srb935RAiCfdC21F"
  },
  {
    "_id": "5c2bd4d47eeeab340369eb52",
    "name": "Ermes Pisano",
    "ssn": 651082227,
    "birthDate": "25/11/2007",
    "gender": "MALE",
    "city": "Giugliano in Campania",
    "province": "Province of Naples",
    "country": "Italy",
    "height": 186,
    "weight": 118,
    "bloodType": "B_NEGATIVE",
    "email": "ermespisano@alice.it",
    "password": "FuYnXwDZFz8ch8mR"
  },
  {
    "_id": "5c2bd4d47eeeab340369eb53",
    "name": "Brancaleone Milano",
    "ssn": 364048469,
    "birthDate": "13/02/1951",
    "gender": "MALE",
    "city": "Campobasso",
    "province": "Province of Campobasso",
    "country": "Italy",
    "height": 168,
    "weight": 123,
    "bloodType": "AB_POSITIVE",
    "email": "brancaleonemilano@alice.it",
    "password": "fCHWx0bpEqzk1FGa"
  },
  {
    "_id": "5c2bd4d47eeeab340369eb54",
    "name": "Alfonsa Angelo",
    "ssn": 157663225,
    "birthDate": "12/11/1996",
    "gender": "MALE",
    "city": "Carrara",
    "province": "Province of Massa-Carrara",
    "country": "Italy",
    "height": 198,
    "weight": 50,
    "bloodType": "AB_NEGATIVE",
    "email": "alfonsaangelo@alice.it",
    "password": "MQ4e1BTSYfRMthj3"
  },
  {
    "_id": "5c2bd4d57eeeab340369eb55",
    "name": "Giusy Sagese",
    "ssn": 555815139,
    "birthDate": "12/02/1979",
    "gender": "FEMALE",
    "city": "Pomezia",
    "province": "Province of Rome",
    "country": "Italy",
    "height": 175,
    "weight": 141,
    "bloodType": "ZERO_POSITIVE",
    "email": "giusysagese@alice.it",
    "password": "2A4CkywKcj0H8oug"
  },
  {
    "_id": "5c2bd4d57eeeab340369eb56",
    "name": "Virginio Rizzo",
    "ssn": 659935305,
    "birthDate": "14/08/2008",
    "gender": "MALE",
    "city": "Milan",
    "province": "Province of Milan",
    "country": "Italy",
    "height": 145,
    "weight": 117,
    "bloodType": "ZERO_NEGATIVE",
    "email": "virginiorizzo@alice.it",
    "password": "1NnGpI1a3m2O9IRZ"
  },
  {
    "_id": "5c2bd4d57eeeab340369eb57",
    "name": "Batilda Zito",
    "ssn": 699372421,
    "birthDate": "20/11/1984",
    "gender": "FEMALE",
    "city": "Potenza",
    "province": "Province of Potenza",
    "country": "Italy",
    "height": 159,
    "weight": 104,
    "bloodType": "A_NEGATIVE",
    "email": "batildazito@alice.it",
    "password": "UavOMPD6xx1EuIlZ"
  },
  {
    "_id": "5c2bd4d67eeeab340369eb58",
    "name": "Benedetta Palermo",
    "ssn": 764172999,
    "birthDate": "30/06/2008",
    "gender": "FEMALE",
    "city": "Cosenza",
    "province": "Province of Cosenza",
    "country": "Italy",
    "height": 185,
    "weight": 140,
    "bloodType": "B_POSITIVE",
    "email": "benedettapalermo@alice.it",
    "password": "PrYWh2oe00uohaCg"
  },
  {
    "_id": "5c2bd4d67eeeab340369eb59",
    "name": "Dalila Barese",
    "ssn": 753256711,
    "birthDate": "15/02/1956",
    "gender": "FEMALE",
    "city": "Chioggia",
    "province": "Province of Venice",
    "country": "Italy",
    "height": 178,
    "weight": 154,
    "bloodType": "B_NEGATIVE",
    "email": "dalilabarese@alice.it",
    "password": "4j730cZ3LrvfZ274"
  },
  {
    "_id": "5c2bd4d77eeeab340369eb5a",
    "name": "Beatrice Dellucci",
    "ssn": 543024655,
    "birthDate": "22/02/1981",
    "gender": "FEMALE",
    "city": "Torre del Greco",
    "province": "Province of Naples",
    "country": "Italy",
    "height": 183,
    "weight": 96,
    "bloodType": "AB_POSITIVE",
    "email": "beatricedellucci@alice.it",
    "password": "1PgFm81va9Z7C8DI"
  },
  {
    "_id": "5c2bd4d77eeeab340369eb5b",
    "name": "Alfonsina Bianchi",
    "ssn": 169611842,
    "birthDate": "05/04/1948",
    "gender": "FEMALE",
    "city": "Bari",
    "province": "Metropolitan City of Bari",
    "country": "Italy",
    "height": 194,
    "weight": 111,
    "bloodType": "AB_NEGATIVE",
    "email": "alfonsinabianchi@alice.it",
    "password": "1bDj4OvPtq6tu20c"
  },
  {
    "_id": "5c2bd5117eeeab340369eb5c",
    "name": "Giacinto Conti",
    "ssn": 806632335,
    "birthDate": "27/12/2005",
    "gender": "MALE",
    "city": "Busto Arsizio",
    "province": "Province of Varese",
    "country": "Italy",
    "height": 177,
    "weight": 61,
    "bloodType": "A_POSITIVE",
    "email": "giacintoconti@alice.it",
    "password": "JCH9clikq5XqiYzL"
  },
  {
    "_id": "5c2bd5137eeeab340369eb5d",
    "name": "Maurizio Calabresi",
    "ssn": 328415169,
    "birthDate": "21/02/1973",
    "gender": "MALE",
    "city": "Livorno",
    "province": "Province of Livorno",
    "country": "Italy",
    "height": 197,
    "weight": 119,
    "bloodType": "A_NEGATIVE",
    "email": "mauriziocalabresi@alice.it",
    "password": "VsL7RLl8BLE233Wd"
  },
  {
    "_id": "5c2bd5137eeeab340369eb5e",
    "name": "Augusta Russo",
    "ssn": 797393255,
    "birthDate": "06/04/1982",
    "gender": "FEMALE",
    "city": "Velletri",
    "province": "Province of Rome",
    "country": "Italy",
    "height": 170,
    "weight": 156,
    "bloodType": "B_POSITIVE",
    "email": "augustarusso@alice.it",
    "password": "cvd2C73U26K59LvG"
  },
  {
    "_id": "5c2bd5137eeeab340369eb5f",
    "name": "Lorenza Lorenzo",
    "ssn": 199030354,
    "birthDate": "23/09/1985",
    "gender": "MALE",
    "city": "Imola",
    "province": "Province of Bologna",
    "country": "Italy",
    "height": 142,
    "weight": 69,
    "bloodType": "B_NEGATIVE",
    "email": "lorenzalorenzo@alice.it",
    "password": "6edlEjgVNVoYhKy6"
  },
  {
    "_id": "5c2bd5147eeeab340369eb60",
    "name": "Alide Marino",
    "ssn": 292989902,
    "birthDate": "07/02/1950",
    "gender": "MALE",
    "city": "Udine",
    "province": "Province of Udine",
    "country": "Italy",
    "height": 160,
    "weight": 139,
    "bloodType": "AB_POSITIVE",
    "email": "alidemarino@alice.it",
    "password": "4tI22wYOtqp8Cu3v"
  },
  {
    "_id": "5c2bd5147eeeab340369eb61",
    "name": "Anna Maria Marino",
    "ssn": 894526572,
    "birthDate": "20/01/1987",
    "gender": "MALE",
    "city": "Genoa",
    "province": "Province of Genoa",
    "country": "Italy",
    "height": 195,
    "weight": 69,
    "bloodType": "AB_NEGATIVE",
    "email": "annamariamarino@alice.it",
    "password": "FdpcK6OdRxqc1lO3"
  },
  {
    "_id": "5c2bd5147eeeab340369eb62",
    "name": "Letteria Lucchese",
    "ssn": 877902330,
    "birthDate": "22/11/1995",
    "gender": "FEMALE",
    "city": "Cava de' Tirreni",
    "province": "Province of Prato",
    "country": "Italy",
    "height": 190,
    "weight": 50,
    "bloodType": "ZERO_POSITIVE",
    "email": "letterialucchese@alice.it",
    "password": "1oIs72T6waaaov15"
  },
  {
    "_id": "5c2bd5157eeeab340369eb63",
    "name": "Cesio Siciliani",
    "ssn": 602992106,
    "birthDate": "13/07/1950",
    "gender": "MALE",
    "city": "Rimini",
    "province": "Province of Rimini",
    "country": "Italy",
    "height": 199,
    "weight": 156,
    "bloodType": "ZERO_NEGATIVE",
    "email": "cesiosiciliani@alice.it",
    "password": "EDC0RSmJzJsj49e5"
  },
  {
    "_id": "5c2bd5157eeeab340369eb64",
    "name": "Vivaldo Monaldo",
    "ssn": 101924078,
    "birthDate": "05/10/1965",
    "gender": "MALE",
    "city": "Carrara",
    "province": "Province of Massa-Carrara",
    "country": "Italy",
    "height": 154,
    "weight": 105,
    "bloodType": "AB_POSITIVE",
    "email": "vivaldomonaldo@alice.it",
    "password": "q1nIym26aBZj023h"
  },
  {
    "_id": "5c2bd5157eeeab340369eb65",
    "name": "Adalgiso Siciliano",
    "ssn": 699961906,
    "birthDate": "14/12/2001",
    "gender": "MALE",
    "city": "Bari",
    "province": "Metropolitan City of Bari",
    "country": "Italy",
    "height": 161,
    "weight": 155,
    "bloodType": "AB_NEGATIVE",
    "email": "adalgisosiciliano@alice.it",
    "password": "iM1DL8U7DYC97H24"
  },
  {
    "_id": "5c2bd5167eeeab340369eb66",
    "name": "Luigina Siciliano",
    "ssn": 166641471,
    "birthDate": "27/05/1992",
    "gender": "FEMALE",
    "city": "Mazara del Vallo",
    "province": "Province of Trapani",
    "country": "Italy",
    "height": 198,
    "weight": 145,
    "bloodType": "ZERO_POSITIVE",
    "email": "luiginasiciliano@alice.it",
    "password": "auD89zH65FhC0WVl"
  },
  {
    "_id": "5c2bd5177eeeab340369eb67",
    "name": "Veneranda Costa",
    "ssn": 148653838,
    "birthDate": "16/04/1946",
    "gender": "FEMALE",
    "city": "Taranto",
    "province": "Province of Taranto",
    "country": "Italy",
    "height": 192,
    "weight": 140,
    "bloodType": "ZERO_NEGATIVE",
    "email": "venerandacosta@alice.it",
    "password": "k8w2bZODxOXOOp3c"
  },
  {
    "_id": "5c2bd54b7eeeab340369eb68",
    "name": "Erminio Genovese",
    "ssn": 243157715,
    "birthDate": "10/02/2000",
    "gender": "MALE",
    "city": "Aversa",
    "province": "Province of Caserta",
    "country": "Italy",
    "height": 195,
    "weight": 126,
    "bloodType": "A_POSITIVE",
    "email": "erminiogenovese@alice.it",
    "password": "i64LSCBvu6QKQjuz"
  },
  {
    "_id": "5c2bd54b7eeeab340369eb69",
    "name": "Luciano Mazzanti",
    "ssn": 892029770,
    "birthDate": "18/07/1973",
    "gender": "MALE",
    "city": "Rovigo",
    "province": "Province of Rovigo",
    "country": "Italy",
    "height": 166,
    "weight": 160,
    "bloodType": "A_NEGATIVE",
    "email": "lucianomazzanti@alice.it",
    "password": "shm2bY515bgW23jH"
  },
  {
    "_id": "5c2bd54c7eeeab340369eb6a",
    "name": "Aurelio Russo",
    "ssn": 660503830,
    "birthDate": "19/05/1979",
    "gender": "MALE",
    "city": "Treviso",
    "province": "Province of Treviso",
    "country": "Italy",
    "height": 159,
    "weight": 154,
    "bloodType": "B_POSITIVE",
    "email": "aureliorusso@alice.it",
    "password": "MBIei5wQ383zMD5N"
  },
  {
    "_id": "5c2bd54c7eeeab340369eb6b",
    "name": "Fulvia Schiavone",
    "ssn": 995338663,
    "birthDate": "26/07/1986",
    "gender": "FEMALE",
    "city": "Aversa",
    "province": "Province of Caserta",
    "country": "Italy",
    "height": 181,
    "weight": 106,
    "bloodType": "B_NEGATIVE",
    "email": "fulviaschiavone@alice.it",
    "password": "a0ObPslBzavkDN2a"
  },
  {
    "_id": "5c2bd54c7eeeab340369eb6c",
    "name": "Patrizio Napolitano",
    "ssn": 498991146,
    "birthDate": "29/09/1980",
    "gender": "MALE",
    "city": "Palermo",
    "province": "Province of Palermo",
    "country": "Italy",
    "height": 149,
    "weight": 66,
    "bloodType": "AB_POSITIVE",
    "email": "patrizionapolitano@alice.it",
    "password": "SScR3T8DY07npgiX"
  },
  {
    "_id": "5c2bd54d7eeeab340369eb6d",
    "name": "Gina Calabresi",
    "ssn": 939934603,
    "birthDate": "06/06/1960",
    "gender": "FEMALE",
    "city": "Messina",
    "province": "Province of Messina",
    "country": "Italy",
    "height": 150,
    "weight": 70,
    "bloodType": "AB_NEGATIVE",
    "email": "ginacalabresi@alice.it",
    "password": "wmy6hlN4W8dyF069"
  },
  {
    "_id": "5c2bd54d7eeeab340369eb6e",
    "name": "Bonacata Davide",
    "ssn": 933882217,
    "birthDate": "18/11/2001",
    "gender": "FEMALE",
    "city": "Potenza",
    "province": "Province of Potenza",
    "country": "Italy",
    "height": 146,
    "weight": 157,
    "bloodType": "ZERO_POSITIVE",
    "email": "bonacatadavide@alice.it",
    "password": "sxGsXCw5aMe02qg7"
  },
  {
    "_id": "5c2bd54d7eeeab340369eb6f",
    "name": "Pierino Piccio",
    "ssn": 185005664,
    "birthDate": "02/08/1948",
    "gender": "MALE",
    "city": "Bari",
    "province": "Metropolitan City of Bari",
    "country": "Italy",
    "height": 190,
    "weight": 135,
    "bloodType": "ZERO_NEGATIVE",
    "email": "pierinopiccio@alice.it",
    "password": "xr767vDsCrrsi2G5"
  },
  {
    "_id": "5c2bd54e7eeeab340369eb70",
    "name": "Taziana Palerma",
    "ssn": 610310497,
    "birthDate": "09/10/1993",
    "gender": "FEMALE",
    "city": "Cremona",
    "province": "Province of Cremona",
    "country": "Italy",
    "height": 192,
    "weight": 90,
    "bloodType": "B_POSITIVE",
    "email": "tazianapalerma@alice.it",
    "password": "c6tnVspeyYQaIhCR"
  },
  {
    "_id": "5c2bd54e7eeeab340369eb71",
    "name": "Enrica Piazza",
    "ssn": 189223253,
    "birthDate": "22/02/1961",
    "gender": "FEMALE",
    "city": "Palermo",
    "province": "Province of Palermo",
    "country": "Italy",
    "height": 177,
    "weight": 96,
    "bloodType": "B_NEGATIVE",
    "email": "enricapiazza@alice.it",
    "password": "2ggPnYWhVRjB6TRg"
  },
  {
    "_id": "5c2bd54e7eeeab340369eb72",
    "name": "Ada Mazzanti",
    "ssn": 361377774,
    "birthDate": "29/06/1984",
    "gender": "MALE",
    "city": "Potenza",
    "province": "Province of Potenza",
    "country": "Italy",
    "height": 148,
    "weight": 60,
    "bloodType": "AB_POSITIVE",
    "email": "adamazzanti@alice.it",
    "password": "LRHQMkb729MO5bJr"
  },
  {
    "_id": "5c2bd5507eeeab340369eb73",
    "name": "Itala Pagnotto",
    "ssn": 106301059,
    "birthDate": "27/12/1983",
    "gender": "FEMALE",
    "city": "Perugia",
    "province": "Province of Perugia",
    "country": "Italy",
    "height": 165,
    "weight": 57,
    "bloodType": "AB_NEGATIVE",
    "email": "italapagnotto@alice.it",
    "password": "094av0Nv9nSEy767"
  },
  {
    "_id": "5c2bd5c67eeeab340369eb74",
    "name": "Roberta Buccho",
    "ssn": 467059024,
    "birthDate": "14/12/1998",
    "gender": "FEMALE",
    "city": "Massa",
    "province": "Province of Massa-Carrara",
    "country": "Italy",
    "height": 146,
    "weight": 104,
    "bloodType": "A_POSITIVE",
    "email": "robertabuccho@alice.it",
    "password": "cIPLox0vifn421HU"
  },
  {
    "_id": "5c2bd5c77eeeab340369eb75",
    "name": "Tranquillino Angelo",
    "ssn": 358040050,
    "birthDate": "29/07/1969",
    "gender": "MALE",
    "city": "Florence",
    "province": "Province of Florence",
    "country": "Italy",
    "height": 144,
    "weight": 108,
    "bloodType": "A_NEGATIVE",
    "email": "tranquillinoangelo@alice.it",
    "password": "BgdxVFlGDH2Fj3L2"
  },
  {
    "_id": "5c2bd5c77eeeab340369eb76",
    "name": "Smeralda Dellucci",
    "ssn": 112304821,
    "birthDate": "04/08/1957",
    "gender": "FEMALE",
    "city": "Naples",
    "province": "Province of Naples",
    "country": "Italy",
    "height": 176,
    "weight": 156,
    "bloodType": "B_POSITIVE",
    "email": "smeraldadellucci@alice.it",
    "password": "65VJ0n7s0O8BlTah"
  },
  {
    "_id": "5c2bd5c77eeeab340369eb77",
    "name": "Fiorenza Pisani",
    "ssn": 776002154,
    "birthDate": "31/01/2006",
    "gender": "FEMALE",
    "city": "Perugia",
    "province": "Province of Perugia",
    "country": "Italy",
    "height": 168,
    "weight": 87,
    "bloodType": "B_NEGATIVE",
    "email": "fiorenzapisani@alice.it",
    "password": "i6ihn0R565499lT3"
  },
  {
    "_id": "5c2bd5c77eeeab340369eb78",
    "name": "Libero Moretti",
    "ssn": 290595587,
    "birthDate": "14/02/1973",
    "gender": "MALE",
    "city": "Siracusa",
    "province": "Province of Siracusa",
    "country": "Italy",
    "height": 187,
    "weight": 122,
    "bloodType": "AB_POSITIVE",
    "email": "liberomoretti@alice.it",
    "password": "3M4n4l6yxRwdYfmz"
  },
  {
    "_id": "5c2bd5c87eeeab340369eb79",
    "name": "Stanislao Manna",
    "ssn": 341565298,
    "birthDate": "18/12/1983",
    "gender": "MALE",
    "city": "Cinisello Balsamo",
    "province": "Province of Milan",
    "country": "Italy",
    "height": 187,
    "weight": 138,
    "bloodType": "AB_NEGATIVE",
    "email": "stanislaomanna@alice.it",
    "password": "N7zKIX6PsPDg0yny"
  },
  {
    "_id": "5c2bd5c87eeeab340369eb7a",
    "name": "Guendalina Lombardi",
    "ssn": 456149216,
    "birthDate": "08/03/1947",
    "gender": "FEMALE",
    "city": "Catania",
    "province": "Province of Catania",
    "country": "Italy",
    "height": 184,
    "weight": 160,
    "bloodType": "ZERO_POSITIVE",
    "email": "guendalinalombardi@alice.it",
    "password": "Aub6dL49dGvB83Vz"
  },
  {
    "_id": "5c2bd5c87eeeab340369eb7b",
    "name": "Natalina Mazzi",
    "ssn": 507266327,
    "birthDate": "19/07/1969",
    "gender": "FEMALE",
    "city": "Chioggia",
    "province": "Province of Venice",
    "country": "Italy",
    "height": 158,
    "weight": 149,
    "bloodType": "ZERO_NEGATIVE",
    "email": "natalinamazzi@alice.it",
    "password": "XobJ9u15gvTIk747"
  },
  {
    "_id": "5c2bd5c97eeeab340369eb7c",
    "name": "Virgilio Genovese",
    "ssn": 941470670,
    "birthDate": "10/06/1987",
    "gender": "MALE",
    "city": "Palermo",
    "province": "Province of Palermo",
    "country": "Italy",
    "height": 158,
    "weight": 96,
    "bloodType": "B_POSITIVE",
    "email": "virgiliogenovese@alice.it",
    "password": "2OHxJIFTrlYGV1WK"
  },
  {
    "_id": "5c2bd5c97eeeab340369eb7d",
    "name": "Durante Sabbatini",
    "ssn": 716665905,
    "birthDate": "31/12/1983",
    "gender": "MALE",
    "city": "Bari",
    "province": "Metropolitan City of Bari",
    "country": "Italy",
    "height": 194,
    "weight": 115,
    "bloodType": "B_NEGATIVE",
    "email": "durantesabbatini@alice.it",
    "password": "9XR81qLhggsB0MCL"
  },
  {
    "_id": "5c2bd5ca7eeeab340369eb7e",
    "name": "Carola Greco",
    "ssn": 961579979,
    "birthDate": "20/02/1985",
    "gender": "FEMALE",
    "city": "Ravenna",
    "province": "Province of Ravenna",
    "country": "Italy",
    "height": 145,
    "weight": 79,
    "bloodType": "AB_POSITIVE",
    "email": "carolagreco@alice.it",
    "password": "10jQIvW6ikFP5PN7"
  },
  {
    "_id": "5c2bd5cb7eeeab340369eb7f",
    "name": "Aldo Piccio",
    "ssn": 739713273,
    "birthDate": "11/06/1989",
    "gender": "MALE",
    "city": "Trani",
    "province": "Province of Barletta-Andria-Trani",
    "country": "Italy",
    "height": 182,
    "weight": 151,
    "bloodType": "AB_NEGATIVE",
    "email": "aldopiccio@alice.it",
    "password": "UFJPfzD5xfSGDrlL"
  },
  {
    "_id": "5c2bd6177eeeab340369eb80",
    "name": "Felice Fiorentini",
    "ssn": 411556249,
    "birthDate": "29/04/1969",
    "gender": "MALE",
    "city": "Grosseto",
    "province": "Province of Grosseto",
    "country": "Italy",
    "height": 154,
    "weight": 54,
    "bloodType": "A_POSITIVE",
    "email": "felicefiorentini@alice.it",
    "password": "IsMkIeJ3EUf006I7"
  },
  {
    "_id": "5c2bd6187eeeab340369eb81",
    "name": "Rufina Pisani",
    "ssn": 594649699,
    "birthDate": "24/08/2008",
    "gender": "FEMALE",
    "city": "Prato",
    "province": "Province of Prato",
    "country": "Italy",
    "height": 168,
    "weight": 139,
    "bloodType": "A_NEGATIVE",
    "email": "rufinapisani@alice.it",
    "password": "c2FtsbxHWwLo0C1z"
  },
  {
    "_id": "5c2bd6197eeeab340369eb82",
    "name": "Alfredina Fiorentino",
    "ssn": 282127304,
    "birthDate": "13/08/2005",
    "gender": "FEMALE",
    "city": "Sesto San Giovanni",
    "province": "Province of Milan",
    "country": "Italy",
    "height": 187,
    "weight": 70,
    "bloodType": "B_POSITIVE",
    "email": "alfredinafiorentino@alice.it",
    "password": "1bJP9DRt54bTPfsO"
  },
  {
    "_id": "5c2bd6197eeeab340369eb83",
    "name": "Berta Rizzo",
    "ssn": 178159214,
    "birthDate": "25/09/1977",
    "gender": "FEMALE",
    "city": "Rho",
    "province": "Province of Milan",
    "country": "Italy",
    "height": 158,
    "weight": 153,
    "bloodType": "B_NEGATIVE",
    "email": "bertarizzo@alice.it",
    "password": "7CcnW49au1E6eL78"
  },
  {
    "_id": "5c2bd6197eeeab340369eb84",
    "name": "Iolanda Romano",
    "ssn": 343822673,
    "birthDate": "08/11/2004",
    "gender": "FEMALE",
    "city": "Trento",
    "province": "Province of Trento",
    "country": "Italy",
    "height": 167,
    "weight": 110,
    "bloodType": "AB_POSITIVE",
    "email": "iolandaromano@alice.it",
    "password": "hhD58ZBwf5lzINgQ"
  },
  {
    "_id": "5c2bd6197eeeab340369eb85",
    "name": "Elvira Pisani",
    "ssn": 317058039,
    "birthDate": "09/10/1963",
    "gender": "FEMALE",
    "city": "Altamura",
    "province": "Metropolitan City of Bari",
    "country": "Italy",
    "height": 171,
    "weight": 155,
    "bloodType": "AB_NEGATIVE",
    "email": "elvirapisani@alice.it",
    "password": "t5tH1S1Atq729F57"
  },
  {
    "_id": "5c2bd61a7eeeab340369eb86",
    "name": "Brigida Udinesi",
    "ssn": 575059984,
    "birthDate": "09/02/1985",
    "gender": "FEMALE",
    "city": "Trani",
    "province": "Province of Barletta-Andria-Trani",
    "country": "Italy",
    "height": 183,
    "weight": 150,
    "bloodType": "ZERO_POSITIVE",
    "email": "brigidaudinesi@alice.it",
    "password": "bJ2dy60v2KgsL9aR"
  },
  {
    "_id": "5c2bd61a7eeeab340369eb87",
    "name": "Antonella Endrizzi",
    "ssn": 262499530,
    "birthDate": "01/05/1946",
    "gender": "FEMALE",
    "city": "Padua",
    "province": "Province of Padua",
    "country": "Italy",
    "height": 190,
    "weight": 156,
    "bloodType": "ZERO_NEGATIVE",
    "email": "antonellaendrizzi@alice.it",
    "password": "QxCmQ4j8GT22Md10"
  },
  {
    "_id": "5c2bd61a7eeeab340369eb88",
    "name": "Furio Trevisano",
    "ssn": 191974434,
    "birthDate": "13/12/1957",
    "gender": "MALE",
    "city": "Varese",
    "province": "Province of Varese",
    "country": "Italy",
    "height": 194,
    "weight": 108,
    "bloodType": "AB_POSITIVE",
    "email": "furiotrevisano@alice.it",
    "password": "P4qtIVFQujYHtRbG"
  },
  {
    "_id": "5c2bd61a7eeeab340369eb89",
    "name": "Rufino Pugliesi",
    "ssn": 736157399,
    "birthDate": "21/08/2000",
    "gender": "MALE",
    "city": "Pomezia",
    "province": "Province of Rome",
    "country": "Italy",
    "height": 171,
    "weight": 147,
    "bloodType": "AB_NEGATIVE",
    "email": "rufinopugliesi@alice.it",
    "password": "SlF2Jt5514ODrQC0"
  },
  {
    "_id": "5c2bd61b7eeeab340369eb8a",
    "name": "Gaudenzio Marchesi",
    "ssn": 834520440,
    "birthDate": "10/06/1980",
    "gender": "MALE",
    "city": "Venice",
    "province": "Province of Venice",
    "country": "Italy",
    "height": 159,
    "weight": 124,
    "bloodType": "A_POSITIVE",
    "email": "gaudenziomarchesi@alice.it",
    "password": "144nLwTir0anLv7I"
  },
  {
    "_id": "5c2bd61c7eeeab340369eb8b",
    "name": "Colomba Moretti",
    "ssn": 657934353,
    "birthDate": "01/03/1974",
    "gender": "FEMALE",
    "city": "Venice",
    "province": "Province of Venice",
    "country": "Italy",
    "height": 169,
    "weight": 54,
    "bloodType": "A_NEGATIVE",
    "email": "colombamoretti@alice.it",
    "password": "EO8TK3CWJ7X8zP5n"
  },
  {
    "_id": "5c2bd6687eeeab340369eb8c",
    "name": "Fiorenza Angelo",
    "ssn": 997444964,
    "birthDate": "18/09/1974",
    "gender": "FEMALE",
    "city": "Venice",
    "province": "Province of Venice",
    "country": "Italy",
    "height": 167,
    "weight": 85,
    "bloodType": "B_POSITIVE",
    "email": "fiorenzaangelo@alice.it",
    "password": "toKVIMlpL8HF1kdU"
  },
  {
    "_id": "5c2bd6687eeeab340369eb8d",
    "name": "Carisio Lettiere",
    "ssn": 503947249,
    "birthDate": "23/06/1978",
    "gender": "MALE",
    "city": "Padua",
    "province": "Province of Padua",
    "country": "Italy",
    "height": 180,
    "weight": 149,
    "bloodType": "B_NEGATIVE",
    "email": "carisiolettiere@alice.it",
    "password": "LJtWOMIWNsSVXCpx"
  },
  {
    "_id": "5c2bd6687eeeab340369eb8e",
    "name": "Dolcelino Colombo",
    "ssn": 250683821,
    "birthDate": "30/12/1945",
    "gender": "MALE",
    "city": "Casoria",
    "province": "Province of Naples",
    "country": "Italy",
    "height": 163,
    "weight": 123,
    "bloodType": "AB_POSITIVE",
    "email": "dolcelinocolombo@alice.it",
    "password": "iAnH08tVi76fo17U"
  },
  {
    "_id": "5c2bd6687eeeab340369eb8f",
    "name": "Edilio Sagese",
    "ssn": 599890453,
    "birthDate": "18/03/1982",
    "gender": "MALE",
    "city": "Modena",
    "province": "Province of Modena",
    "country": "Italy",
    "height": 140,
    "weight": 79,
    "bloodType": "AB_NEGATIVE",
    "email": "ediliosagese@alice.it",
    "password": "n1wWMNfcu5ml7334"
  },
  {
    "_id": "5c2bd6697eeeab340369eb90",
    "name": "Lealdo Rossi",
    "ssn": 760045721,
    "birthDate": "05/01/1952",
    "gender": "MALE",
    "city": "Guidonia Montecelio",
    "province": "Province of Rome",
    "country": "Italy",
    "height": 197,
    "weight": 125,
    "bloodType": "ZERO_POSITIVE",
    "email": "lealdorossi@alice.it",
    "password": "8Cpnr31nj8ZFSZ51"
  },
  {
    "_id": "5c2bd6697eeeab340369eb91",
    "name": "Ippolito Milanesi",
    "ssn": 929829276,
    "birthDate": "07/12/1960",
    "gender": "MALE",
    "city": "Mazara del Vallo",
    "province": "Province of Trapani",
    "country": "Italy",
    "height": 194,
    "weight": 106,
    "bloodType": "ZERO_NEGATIVE",
    "email": "ippolitomilanesi@alice.it",
    "password": "3IUPcDhT9tv4PGl7"
  },
  {
    "_id": "5c2bd6697eeeab340369eb92",
    "name": "Iva Sabbatini",
    "ssn": 720992243,
    "birthDate": "28/06/1975",
    "gender": "FEMALE",
    "city": "Rome",
    "province": "Province of Rome",
    "country": "Italy",
    "height": 140,
    "weight": 146,
    "bloodType": "B_NEGATIVE",
    "email": "ivasabbatini@alice.it",
    "password": "PzsE5E7Yr59x8f0N"
  },
  {
    "_id": "5c2bd6697eeeab340369eb93",
    "name": "Abelardo Ricci",
    "ssn": 192545291,
    "birthDate": "10/07/2009",
    "gender": "MALE",
    "city": "Carrara",
    "province": "Province of Massa-Carrara",
    "country": "Italy",
    "height": 195,
    "weight": 98,
    "bloodType": "AB_POSITIVE",
    "email": "abelardoricci@alice.it",
    "password": "nGI0HO74iPu3Bskx"
  },
  {
    "_id": "5c2bd66a7eeeab340369eb94",
    "name": "Eulalia Marchesi",
    "ssn": 993954060,
    "birthDate": "12/09/1966",
    "gender": "FEMALE",
    "city": "Pavia",
    "province": "Province of Pavia",
    "country": "Italy",
    "height": 168,
    "weight": 115,
    "bloodType": "AB_NEGATIVE",
    "email": "eulaliamarchesi@alice.it",
    "password": "OvDFvjXb312T07Np"
  },
  {
    "_id": "5c2bd66a7eeeab340369eb95",
    "name": "Liliana De Luca",
    "ssn": 590582935,
    "birthDate": "14/03/1973",
    "gender": "FEMALE",
    "city": "Bergamo",
    "province": "Province of Bergamo",
    "country": "Italy",
    "height": 196,
    "weight": 50,
    "bloodType": "ZERO_POSITIVE",
    "email": "lilianadeluca@alice.it",
    "password": "K04mr0J5xzPn8QrP"
  },
  {
    "_id": "5c2bd66b7eeeab340369eb96",
    "name": "Gennaro Cattaneo",
    "ssn": 320438916,
    "birthDate": "14/05/2004",
    "gender": "MALE",
    "city": "Pavia",
    "province": "Province of Pavia",
    "country": "Italy",
    "height": 140,
    "weight": 52,
    "bloodType": "A_POSITIVE",
    "email": "gennarocattaneo@alice.it",
    "password": "LyfW7R7j4WtbOFpl"
  },
  {
    "_id": "5c2bd66b7eeeab340369eb97",
    "name": "Blanda Baresi",
    "ssn": 844961356,
    "birthDate": "02/02/1980",
    "gender": "FEMALE",
    "city": "Casalnuovo di Napoli",
    "province": "Province of Naples",
    "country": "Italy",
    "height": 150,
    "weight": 60,
    "bloodType": "A_NEGATIVE",
    "email": "blandabaresi@alice.it",
    "password": "DZHL696LYIkC4y6g"
  },
  {
    "_id": "5c2bd6a77eeeab340369eb98",
    "name": "Adalberta Onio",
    "ssn": 155931326,
    "birthDate": "21/07/1948",
    "gender": "FEMALE",
    "city": "Florence",
    "province": "Province of Florence",
    "country": "Italy",
    "height": 168,
    "weight": 140,
    "bloodType": "B_POSITIVE",
    "email": "adalbertaonio@alice.it",
    "password": "G43Y46N6uzHe0aSw"
  },
  {
    "_id": "5c2bd6a77eeeab340369eb99",
    "name": "Annabella Cattaneo",
    "ssn": 485031165,
    "birthDate": "08/01/1945",
    "gender": "FEMALE",
    "city": "Florence",
    "province": "Province of Florence",
    "country": "Italy",
    "height": 155,
    "weight": 111,
    "bloodType": "B_NEGATIVE",
    "email": "annabellacattaneo@alice.it",
    "password": "9ApdmgIvPnN0dppG"
  },
  {
    "_id": "5c2bd6a87eeeab340369eb9a",
    "name": "Daniela Conti",
    "ssn": 169502992,
    "birthDate": "17/07/1959",
    "gender": "FEMALE",
    "city": "Ferrara",
    "province": "Province of Ferrara",
    "country": "Italy",
    "height": 179,
    "weight": 103,
    "bloodType": "AB_POSITIVE",
    "email": "danielaconti@alice.it",
    "password": "TeyXPosbv7Z6P3PK"
  },
  {
    "_id": "5c2bd6a87eeeab340369eb9b",
    "name": "Luisa Pugliesi",
    "ssn": 642015537,
    "birthDate": "11/03/1984",
    "gender": "FEMALE",
    "city": "Monza",
    "province": "Province of Monza",
    "country": "Italy",
    "height": 182,
    "weight": 84,
    "bloodType": "AB_NEGATIVE",
    "email": "luisapugliesi@alice.it",
    "password": "d5muVCv00IZK0haL"
  },
  {
    "_id": "5c2bd6a87eeeab340369eb9c",
    "name": "Umberto Pisano",
    "ssn": 908574826,
    "birthDate": "24/03/1954",
    "gender": "MALE",
    "city": "Cava de' Tirreni",
    "province": "Province of Prato",
    "country": "Italy",
    "height": 168,
    "weight": 160,
    "bloodType": "ZERO_POSITIVE",
    "email": "umbertopisano@alice.it",
    "password": "Ga3sQZ2kLr0f5GnV"
  },
  {
    "_id": "5c2bd6aa7eeeab340369eb9d",
    "name": "Veneranda Davide",
    "ssn": 268691202,
    "birthDate": "17/06/1990",
    "gender": "FEMALE",
    "city": "Pozzuoli",
    "province": "Province of Naples",
    "country": "Italy",
    "height": 187,
    "weight": 102,
    "bloodType": "ZERO_NEGATIVE",
    "email": "venerandadavide@alice.it",
    "password": "9Gm5p1tX7MkjJ6zH"
  },
  {
    "_id": "5c2bd6aa7eeeab340369eb9e",
    "name": "Quintino Boni",
    "ssn": 526794657,
    "birthDate": "05/01/1992",
    "gender": "MALE",
    "city": "Modena",
    "province": "Province of Modena",
    "country": "Italy",
    "height": 181,
    "weight": 105,
    "bloodType": "B_NEGATIVE",
    "email": "quintinoboni@alice.it",
    "password": "duu6w23WO49q9SLd"
  },
  {
    "_id": "5c2bd6aa7eeeab340369eb9f",
    "name": "Oscar Baresi",
    "ssn": 885350373,
    "birthDate": "03/05/2000",
    "gender": "MALE",
    "city": "Prato",
    "province": "Province of Prato",
    "country": "Italy",
    "height": 199,
    "weight": 99,
    "bloodType": "AB_POSITIVE",
    "email": "oscarbaresi@alice.it",
    "password": "UXFgBl7taRDiCWqn"
  },
  {
    "_id": "5c2bd6ab7eeeab340369eba0",
    "name": "Gioacchina Mancini",
    "ssn": 223959228,
    "birthDate": "11/03/1979",
    "gender": "FEMALE",
    "city": "Chioggia",
    "province": "Province of Venice",
    "country": "Italy",
    "height": 184,
    "weight": 76,
    "bloodType": "AB_NEGATIVE",
    "email": "gioacchinamancini@alice.it",
    "password": "FI4Yqd3R2PEso1XC"
  },
  {
    "_id": "5c2bd6ab7eeeab340369eba1",
    "name": "Agatino Mazzanti",
    "ssn": 915480004,
    "birthDate": "15/06/1979",
    "gender": "MALE",
    "city": "Brescia",
    "province": "Province of Brescia",
    "country": "Italy",
    "height": 192,
    "weight": 101,
    "bloodType": "A_POSITIVE",
    "email": "agatinomazzanti@alice.it",
    "password": "ksY74WqM203121od"
  },
  {
    "_id": "5c2bd6ac7eeeab340369eba2",
    "name": "Domenica Lucciano",
    "ssn": 644638716,
    "birthDate": "12/02/1990",
    "gender": "FEMALE",
    "city": "Civitavecchia",
    "province": "Province of Rome",
    "country": "Italy",
    "height": 182,
    "weight": 143,
    "bloodType": "A_NEGATIVE",
    "email": "domenicalucciano@alice.it",
    "password": "wdNzS7mFplTiYz1s"
  },
  {
    "_id": "5c2bd6ac7eeeab340369eba3",
    "name": "Alma Udinese",
    "ssn": 912997720,
    "birthDate": "03/07/1971",
    "gender": "FEMALE",
    "city": "Livorno",
    "province": "Province of Livorno",
    "country": "Italy",
    "height": 172,
    "weight": 111,
    "bloodType": "B_POSITIVE",
    "email": "almaudinese@alice.it",
    "password": "7y1ZsNGezTB0a53s"
  },
  {
    "_id": "5c2bd71f7eeeab340369eba4",
    "name": "Benito Mazzi",
    "ssn": 702661743,
    "birthDate": "11/12/1947",
    "gender": "MALE",
    "city": "Civitavecchia",
    "province": "Province of Rome",
    "country": "Italy",
    "height": 181,
    "weight": 78,
    "bloodType": "B_NEGATIVE",
    "email": "benitomazzi@alice.it",
    "password": "80Q6OQ5ip4FnRvXW"
  },
  {
    "_id": "5c2bd7207eeeab340369eba5",
    "name": "Quadrato Panicucci",
    "ssn": 642807297,
    "birthDate": "04/08/1985",
    "gender": "MALE",
    "city": "Carpi",
    "province": "Province of Modena",
    "country": "Italy",
    "height": 176,
    "weight": 109,
    "bloodType": "AB_POSITIVE",
    "email": "quadratopanicucci@alice.it",
    "password": "8gPXWEgKxc7q548Q"
  },
  {
    "_id": "5c2bd7217eeeab340369eba6",
    "name": "Macaria Trentini",
    "ssn": 832165305,
    "birthDate": "19/05/2009",
    "gender": "FEMALE",
    "city": "Brindisi",
    "province": "Province of Brindisi",
    "country": "Italy",
    "height": 156,
    "weight": 106,
    "bloodType": "AB_NEGATIVE",
    "email": "macariatrentini@alice.it",
    "password": "k9nV9TtMmCkavmR4"
  },
  {
    "_id": "5c2bd7217eeeab340369eba7",
    "name": "Elisabetta Marino",
    "ssn": 755250490,
    "birthDate": "19/08/1961",
    "gender": "FEMALE",
    "city": "Bologna",
    "province": "Province of Bologna",
    "country": "Italy",
    "height": 151,
    "weight": 67,
    "bloodType": "ZERO_POSITIVE",
    "email": "elisabettamarino@alice.it",
    "password": "aZbbcS81N5a802Q9"
  },
  {
    "_id": "5c2bd7217eeeab340369eba8",
    "name": "Cora Lombardi",
    "ssn": 775969623,
    "birthDate": "25/07/1946",
    "gender": "FEMALE",
    "city": "Casoria",
    "province": "Province of Naples",
    "country": "Italy",
    "height": 188,
    "weight": 80,
    "bloodType": "ZERO_NEGATIVE",
    "email": "coralombardi@alice.it",
    "password": "Rs9kNcWb6M7wQ1aG"
  },
  {
    "_id": "5c2bd7227eeeab340369eba9",
    "name": "Settimio Lucciano",
    "ssn": 400508499,
    "birthDate": "10/06/1956",
    "gender": "MALE",
    "city": "Varese",
    "province": "Province of Varese",
    "country": "Italy",
    "height": 187,
    "weight": 136,
    "bloodType": "AB_NEGATIVE",
    "email": "settimiolucciano@alice.it",
    "password": "qQjmg889WJ3RYSIS"
  },
  {
    "_id": "5c2bd7227eeeab340369ebaa",
    "name": "Orazio Panicucci",
    "ssn": 356088269,
    "birthDate": "05/02/1967",
    "gender": "MALE",
    "city": "Trapani",
    "province": "Province of Trapani",
    "country": "Italy",
    "height": 174,
    "weight": 138,
    "bloodType": "A_POSITIVE",
    "email": "oraziopanicucci@alice.it",
    "password": "Jnz6I48hEWWOn0N6"
  },
  {
    "_id": "5c2bd7227eeeab340369ebab",
    "name": "Letterio Mazzanti",
    "ssn": 257352007,
    "birthDate": "14/04/1975",
    "gender": "MALE",
    "city": "Giugliano in Campania",
    "province": "Province of Naples",
    "country": "Italy",
    "height": 167,
    "weight": 151,
    "bloodType": "A_NEGATIVE",
    "email": "letteriomazzanti@tin.it",
    "password": "EOmdJcZ2bHJupHzR"
  },
  {
    "_id": "5c2bd7227eeeab340369ebac",
    "name": "Anita Fallaci",
    "ssn": 380034788,
    "birthDate": "26/04/1986",
    "gender": "FEMALE",
    "city": "Trapani",
    "province": "Province of Trapani",
    "country": "Italy",
    "height": 196,
    "weight": 131,
    "bloodType": "B_POSITIVE",
    "email": "anitafallaci@tin.it",
    "password": "1b7uwprMy1Dg9ayK"
  },
  {
    "_id": "5c2bd7237eeeab340369ebad",
    "name": "Alessio Costa",
    "ssn": 287024398,
    "birthDate": "05/11/2009",
    "gender": "MALE",
    "city": "Livorno",
    "province": "Province of Livorno",
    "country": "Italy",
    "height": 197,
    "weight": 149,
    "bloodType": "B_NEGATIVE",
    "email": "alessiocosta@tin.it",
    "password": "0m3TLGq27FgY2936"
  },
  {
    "_id": "5c2bd7247eeeab340369ebae",
    "name": "Flora Longo",
    "ssn": 732095469,
    "birthDate": "29/09/1970",
    "gender": "FEMALE",
    "city": "Verona",
    "province": "Province of Verona",
    "country": "Italy",
    "height": 185,
    "weight": 119,
    "bloodType": "AB_POSITIVE",
    "email": "floralongo@tin.it",
    "password": "GpEr42H96KO2qTVy"
  },
  {
    "_id": "5c2bd7257eeeab340369ebaf",
    "name": "Cecilia Romano",
    "ssn": 814664907,
    "birthDate": "25/04/1961",
    "gender": "FEMALE",
    "city": "Florence",
    "province": "Province of Florence",
    "country": "Italy",
    "height": 170,
    "weight": 102,
    "bloodType": "AB_NEGATIVE",
    "email": "ceciliaromano@tin.it",
    "password": "nSD3cxZKgZA1MeHh"
  },
  {
    "_id": "5c2bd75d7eeeab340369ebb0",
    "name": "Elga Greco",
    "ssn": 851196177,
    "birthDate": "29/05/1977",
    "gender": "FEMALE",
    "city": "Genoa",
    "province": "Province of Genoa",
    "country": "Italy",
    "height": 181,
    "weight": 94,
    "bloodType": "ZERO_POSITIVE",
    "email": "elgagreco@tin.it",
    "password": "BKdgT6SAOe0oX24r"
  },
  {
    "_id": "5c2bd75d7eeeab340369ebb1",
    "name": "Urania Milani",
    "ssn": 139394294,
    "birthDate": "17/05/1980",
    "gender": "FEMALE",
    "city": "Chioggia",
    "province": "Province of Venice",
    "country": "Italy",
    "height": 166,
    "weight": 126,
    "bloodType": "ZERO_NEGATIVE",
    "email": "uraniamilani@tin.it",
    "password": "OMcbf8V6to6vF9b9"
  },
  {
    "_id": "5c2bd75e7eeeab340369ebb2",
    "name": "Ottavio Moretti",
    "ssn": 552036938,
    "birthDate": "17/03/1995",
    "gender": "MALE",
    "city": "Rho",
    "province": "Province of Milan",
    "country": "Italy",
    "height": 188,
    "weight": 100,
    "bloodType": "B_POSITIVE",
    "email": "ottaviomoretti@tin.it",
    "password": "LC8Zgz5dCXgtafgI"
  },
  {
    "_id": "5c2bd75e7eeeab340369ebb3",
    "name": "Giuditta Trevisan",
    "ssn": 237191910,
    "birthDate": "10/08/1996",
    "gender": "FEMALE",
    "city": "Cinisello Balsamo",
    "province": "Province of Milan",
    "country": "Italy",
    "height": 162,
    "weight": 74,
    "bloodType": "B_NEGATIVE",
    "email": "giudittatrevisan@tin.it",
    "password": "vQc6leRj9IA69J0t"
  },
  {
    "_id": "5c2bd75e7eeeab340369ebb4",
    "name": "Consuelo Siciliano",
    "ssn": 143100260,
    "birthDate": "10/06/1961",
    "gender": "MALE",
    "city": "Sesto San Giovanni",
    "province": "Province of Milan",
    "country": "Italy",
    "height": 177,
    "weight": 117,
    "bloodType": "AB_POSITIVE",
    "email": "consuelosiciliano@tin.it",
    "password": "EE3Xd743RAMO3r1B"
  },
  {
    "_id": "5c2bd75f7eeeab340369ebb5",
    "name": "Romeo Nucci",
    "ssn": 876140436,
    "birthDate": "03/02/1952",
    "gender": "MALE",
    "city": "Caserta",
    "province": "Province of Caserta",
    "country": "Italy",
    "height": 162,
    "weight": 97,
    "bloodType": "AB_NEGATIVE",
    "email": "romeonucci@tin.it",
    "password": "0pphttstd1A0GR60"
  },
  {
    "_id": "5c2bd75f7eeeab340369ebb6",
    "name": "Guerrino Lombardi",
    "ssn": 942717661,
    "birthDate": "25/10/1968",
    "gender": "MALE",
    "city": "Messina",
    "province": "Province of Messina",
    "country": "Italy",
    "height": 180,
    "weight": 73,
    "bloodType": "A_POSITIVE",
    "email": "guerrinolombardi@tin.it",
    "password": "DENDe26T7be2hcCw"
  },
  {
    "_id": "5c2bd75f7eeeab340369ebb7",
    "name": "Fedra Baresi",
    "ssn": 696216613,
    "birthDate": "01/07/1999",
    "gender": "FEMALE",
    "city": "Rho",
    "province": "Province of Milan",
    "country": "Italy",
    "height": 192,
    "weight": 108,
    "bloodType": "A_NEGATIVE",
    "email": "fedrabaresi@tin.it",
    "password": "hM3rfhrJ70Xs81rD"
  },
  {
    "_id": "5c2bd75f7eeeab340369ebb8",
    "name": "Fulgenzio Fallaci",
    "ssn": 142268624,
    "birthDate": "02/03/1980",
    "gender": "MALE",
    "city": "Ravenna",
    "province": "Province of Ravenna",
    "country": "Italy",
    "height": 165,
    "weight": 80,
    "bloodType": "B_POSITIVE",
    "email": "fulgenziofallaci@tin.it",
    "password": "U330goy1C6pT5aUs"
  },
  {
    "_id": "5c2bd7607eeeab340369ebb9",
    "name": "Fiorella Cocci",
    "ssn": 158706991,
    "birthDate": "17/10/2009",
    "gender": "FEMALE",
    "city": "Trani",
    "province": "Province of Barletta-Andria-Trani",
    "country": "Italy",
    "height": 167,
    "weight": 135,
    "bloodType": "A_POSITIVE",
    "email": "fiorellacocci@tin.it",
    "password": "2QLMXzMn8o9CW2A2"
  },
  {
    "_id": "5c2bd7607eeeab340369ebba",
    "name": "Bruna Marino",
    "ssn": 760898079,
    "birthDate": "26/06/1997",
    "gender": "FEMALE",
    "city": "Bologna",
    "province": "Province of Bologna",
    "country": "Italy",
    "height": 182,
    "weight": 84,
    "bloodType": "A_NEGATIVE",
    "email": "brunamarino@tin.it",
    "password": "ZZix70V6E0yQLS0X"
  },
  {
    "_id": "5c2bd7607eeeab340369ebbb",
    "name": "Clara Romani",
    "ssn": 709660517,
    "birthDate": "11/10/2009",
    "gender": "FEMALE",
    "city": "Giugliano in Campania",
    "province": "Province of Naples",
    "country": "Italy",
    "height": 161,
    "weight": 134,
    "bloodType": "B_POSITIVE",
    "email": "clararomani@tin.it",
    "password": "tsX83hW7cnDQP89a"
  },
  {
    "_id": "5c2bd7617eeeab340369ebbc",
    "name": "Tancredi Greece",
    "ssn": 772562452,
    "birthDate": "30/01/1989",
    "gender": "MALE",
    "city": "Livorno",
    "province": "Province of Livorno",
    "country": "Italy",
    "height": 158,
    "weight": 95,
    "bloodType": "B_NEGATIVE",
    "email": "tancredigreece@tin.it",
    "password": "9AEXrr6uERacSx0f"
  },
  {
    "_id": "5c2bd7617eeeab340369ebbd",
    "name": "Angelico Costa",
    "ssn": 858419582,
    "birthDate": "30/07/1954",
    "gender": "MALE",
    "city": "Asti",
    "province": "Province of Asti",
    "country": "Italy",
    "height": 141,
    "weight": 85,
    "bloodType": "AB_POSITIVE",
    "email": "angelicocosta@tin.it",
    "password": "gPHwTqrKC7CKXSQ0"
  },
  {
    "_id": "5c2bd7627eeeab340369ebbe",
    "name": "Anacleto Genovesi",
    "ssn": 577264338,
    "birthDate": "25/03/1957",
    "gender": "MALE",
    "city": "Milan",
    "province": "Province of Milan",
    "country": "Italy",
    "height": 154,
    "weight": 100,
    "bloodType": "AB_NEGATIVE",
    "email": "anacletogenovesi@tin.it",
    "password": "8U3jcwZNIqUHx1iU"
  },
  {
    "_id": "5c2bd7ee7eeeab340369ebbf",
    "name": "Jacopo DeRose",
    "ssn": 871671092,
    "birthDate": "17/02/1964",
    "gender": "MALE",
    "city": "Varese",
    "province": "Province of Varese",
    "country": "Italy",
    "height": 165,
    "weight": 105,
    "bloodType": "B_POSITIVE",
    "email": "jacopoderose@tin.it",
    "password": "LmlR1uywOwmx6nhp"
  },
  {
    "_id": "5c2bd7ee7eeeab340369ebc0",
    "name": "Monica Rizzo",
    "ssn": 843724137,
    "birthDate": "10/08/1970",
    "gender": "FEMALE",
    "city": "Pozzuoli",
    "province": "Province of Naples",
    "country": "Italy",
    "height": 142,
    "weight": 137,
    "bloodType": "B_NEGATIVE",
    "email": "monicarizzo@tin.it",
    "password": "5EioifGkaKa85OAu"
  },
  {
    "_id": "5c2bd7ef7eeeab340369ebc1",
    "name": "Cassio Ferri",
    "ssn": 914719312,
    "birthDate": "07/10/1971",
    "gender": "MALE",
    "city": "Catania",
    "province": "Province of Catania",
    "country": "Italy",
    "height": 141,
    "weight": 94,
    "bloodType": "AB_POSITIVE",
    "email": "cassioferri@tin.it",
    "password": "0vEHg1Sp4Dn06vtP"
  },
  {
    "_id": "5c2bd7ef7eeeab340369ebc2",
    "name": "Edmondo Pugliesi",
    "ssn": 132945942,
    "birthDate": "03/10/1958",
    "gender": "MALE",
    "city": "Trieste",
    "province": "Province of Trieste",
    "country": "Italy",
    "height": 145,
    "weight": 108,
    "bloodType": "AB_NEGATIVE",
    "email": "edmondopugliesi@tin.it",
    "password": "YQo71L008GwvDmxP"
  },
  {
    "_id": "5c2bd7ef7eeeab340369ebc3",
    "name": "Rufino Barese",
    "ssn": 897086392,
    "birthDate": "08/03/1967",
    "gender": "MALE",
    "city": "Grosseto",
    "province": "Province of Grosseto",
    "country": "Italy",
    "height": 157,
    "weight": 74,
    "bloodType": "A_POSITIVE",
    "email": "rufinobarese@tin.it",
    "password": "XIWWmF7hN53e6o8I"
  },
  {
    "_id": "5c2bd7f07eeeab340369ebc4",
    "name": "Enrica Pirozzi",
    "ssn": 229260690,
    "birthDate": "26/10/1988",
    "gender": "FEMALE",
    "city": "Taranto",
    "province": "Province of Taranto",
    "country": "Italy",
    "height": 177,
    "weight": 117,
    "bloodType": "A_NEGATIVE",
    "email": "enricapirozzi@tin.it",
    "password": "OThJMOfNKuqHorH1"
  },
  {
    "_id": "5c2bd7f07eeeab340369ebc5",
    "name": "Blanda Pinto",
    "ssn": 445618342,
    "birthDate": "22/04/2002",
    "gender": "FEMALE",
    "city": "Massa",
    "province": "Province of Massa-Carrara",
    "country": "Italy",
    "height": 166,
    "weight": 144,
    "bloodType": "B_POSITIVE",
    "email": "blandapinto@tin.it",
    "password": "424WI9K063AQB6o1"
  },
  {
    "_id": "5c2bd7f07eeeab340369ebc6",
    "name": "Facino Pisano",
    "ssn": 806052062,
    "birthDate": "08/03/1987",
    "gender": "MALE",
    "city": "Teramo",
    "province": "Province of Teramo",
    "country": "Italy",
    "height": 193,
    "weight": 151,
    "bloodType": "B_NEGATIVE",
    "email": "facinopisano@tin.it",
    "password": "jGoQx86yb673fdw2"
  }
]