[
    {
        "_id": "5c37191f0870e631ad775660",
        "thirdParty": "5c3651790870e62814e4115e",
        "individual": "5c2bb0147eeeab340369eafe",
        "status": "APPROVED"
    },
    {
        "_id": "5c37191f0870e631ad775661",
        "thirdParty": "5c3651790870e62814e4115e",
        "individual": "5c2bd1de7eeeab340369eb00",
        "status": "REJECTED"
    },
    {
        "_id": "5c37191f0870e631ad775662",
        "thirdParty": "5c3651790870e62814e4115e",
        "individual": "5c2bd1ca7eeeab340369eaff",
        "status": "PENDING"
    },
    {
        "_id": "5c37191f0870e631ad775663",
        "thirdParty": "5c3651790870e62814e4115e",
        "individual": "5c2bd1de7eeeab340369eb00",
        "status": "PENDING"
    },
    {
        "_id": "5c37191f0870e631ad775664",
        "thirdParty": "5c3651790870e62814e4115e",
        "individual": "5c2bd1e57eeeab340369eb01",
        "status": "PENDING"
    },
    {
        "_id": "5c37191f0870e631ad775665",
        "thirdParty": "5c36527e0870e62814e4115f",
        "individual": "5c2bd1f77eeeab340369eb03",
        "status": "PENDING"
    },
    {
        "_id": "5c3740300870e631ad775666",
        "thirdParty": "5c36527e0870e62814e4115f",
        "individual": "5c2bd2027eeeab340369eb04",
        "status": "PENDING"
    },
    {
        "_id": "5c377a7d0870e631ad775667",
        "thirdParty": "5c36527e0870e62814e4115f",
        "individual": "5c2bd2037eeeab340369eb05",
        "status": "APPROVED"
    },
    {
        "_id": "5c377a9c0870e631ad775668",
        "thirdParty": "5c36527e0870e62814e4115f",
        "individual": "5c2bd2037eeeab340369eb06",
        "status": "APPROVED"
    },
    {
        "_id": "5c377ad10870e631ad775669",
        "thirdParty": "5c36527e0870e62814e4115f",
        "individual": "5c2bd2047eeeab340369eb07",
        "status": "PENDING"
    },
    {
        "_id": "",
        "thirdParty": "5c39f54beee7b3c7f45c7366a",
        "individual": "5c2bd1ca7eeeab340369eaff",
        "status": "PENDING"
    },
    {
        "_id": "5c39f54beee7b3c7f45c7366b",
        "thirdParty": "5c3654550870e62814e41160",
        "individual": "5c2bd1de7eeeab340369eb00",
        "status": "PENDING"
    },
    {
        "_id": "5c39f54beee7b3c7f45c7366c",
        "thirdParty": "5c3654550870e62814e41160",
        "individual": "5c2bb0147eeeab340369eafe",
        "status": "APPROVED"
    },
    {
        "_id": "5c39f54beee7b3c7f45c7366d",
        "thirdParty": "5c3654550870e62814e41160",
        "individual": "5c2bd1e57eeeab340369eb01",
        "status": "REJECTED"
    }
]